participant_id,created_at
00b152ed-d063-48d0-a8e2-ac2a7ed8103a,2025-10-29 09:54:37.79898+00
03b3038b-f948-4df4-9d03-d648671ddce8,2025-10-25 22:07:59.538945+00
09e6255b-ed66-4eea-a314-104a08130ac0,2025-10-31 22:10:57.556971+00
0af0d177-b3fe-4922-9ce9-ecd33b8aba6d,2025-10-26 13:13:20.968299+00
0bc7fbaf-9ca3-4fd7-931b-56e6263ba7ba,2025-10-28 08:19:40.066468+00
0d07549b-caa2-4ffe-94f1-05dca19a0599,2025-10-24 09:31:02.159292+00
0d670197-8d91-4da7-9f55-e37a47cccfec,2025-10-26 05:40:41.255618+00
10011af3-ac90-42b3-9235-9668f35f39a0,2025-11-09 21:00:06.426799+00
150c9e8d-b354-4ddc-a819-fe8c5906016d,2025-10-23 19:55:50.919818+00
15ef74b6-a61a-474c-b855-696b20ce58fb,2025-10-24 14:11:51.244281+00
1aa168b9-88f3-49f4-980d-e3bd77f22246,2025-10-29 09:54:43.760934+00
1b805e30-14b1-4020-a46e-e31206a8c846,2025-10-24 09:31:04.398032+00
1ca312c1-1220-496a-85fb-3d59b52341bd,2025-10-25 10:17:51.016488+00
1f0df1be-a1ea-4080-90c3-230fe9e35174,2025-11-10 03:25:14.118187+00
2464e012-f29e-4b3a-a572-f8ef926295ba,2025-10-29 09:42:20.632959+00
248da696-aba9-4c14-9e83-b0d61a2e374c,2025-10-29 09:54:37.744401+00
28812e6e-6c6d-4a43-9a1e-8899090c06f9,2025-10-24 13:36:04.591966+00
29c28dd1-a00b-40cb-818f-3ceef0affc7a,2025-10-29 10:11:38.024562+00
2a3e0171-354e-4d83-af22-c9a1c1fd372b,2025-11-09 00:08:48.165071+00
2acd1ebd-f24e-4972-8f19-d7626b86f71b,2025-11-10 03:59:08.3386+00
2afa9961-1844-49e8-80fc-444466532f46,2025-10-24 17:06:39.341529+00
2c6b5f8e-3b3f-4b6e-9e0a-65aa6d357025,2025-10-29 09:57:49.47426+00
2d8dd1db-9d38-49e0-bf03-5b4735523d27,2025-10-29 09:52:50.340788+00
2e601dd7-863d-4b9b-a60a-a7d2cfa821e8,2025-10-29 16:30:24.240697+00
2e75eb4a-8aac-4754-82d0-50f760349906,2025-11-09 07:28:39.442728+00
2e912156-c7b7-4268-8420-128a859c4876,2025-10-26 15:44:29.230136+00
2f154276-8a65-4d55-bc19-ad32917f15b4,2025-10-25 22:07:59.549056+00
2fe004ca-a69f-44a0-b41b-789be0efbc65,2025-10-26 15:25:19.716934+00
302ddd99-074f-406b-91c0-d56cfee32cdb,2025-10-24 09:31:04.463662+00
31085946-b0c6-4068-83c2-c53b0ca8d20a,2025-10-29 09:34:45.582534+00
3166c9d8-11cf-41e4-9f82-1868556a06d1,2025-10-29 14:05:45.270237+00
3409f5be-93f2-44f4-8edb-910e95126257,2025-11-10 07:22:57.294316+00
35629500-b6de-4bd6-b17f-bdf9196153d1,2025-10-30 11:17:51.466349+00
35f58cd5-b9a5-4132-a94d-8fcad2800a59,2025-10-24 19:11:36.542902+00
38d37141-0e01-4401-9b70-9692953647a1,2025-11-07 15:12:18.579938+00
3beee5db-499b-4741-b3ea-72c6f17ffb86,2025-10-24 08:47:55.558703+00
3dc7a02f-4c0e-470e-b5ab-f7eb8451f9c6,2025-10-29 14:05:40.700633+00
3dd6f83e-acaa-4e21-b1e4-e61625cf5bdf,2025-10-27 16:39:57.77122+00
3e08818c-b14c-4396-8074-c09c2242c461,2025-11-09 21:57:19.150169+00
3e1feec9-459f-4e2d-ae16-c84daa21e379,2025-10-27 05:30:24.916271+00
3f979a90-5660-4b87-837f-f4dd2068f8d3,2025-10-30 11:15:46.243237+00
403feef5-647d-4a34-a15a-c4bdc29fb2c2,2025-11-09 14:41:44.205851+00
40546463-66b9-4691-9a2c-2762553e6edd,2025-11-10 10:26:21.375104+00
42fca421-b079-41f1-9434-69205a0e4785,2025-10-24 18:21:47.359428+00
439a256d-36a2-48ed-8cbc-86af8999c20f,2025-10-28 17:42:35.069079+00
43a3d24a-fbe9-455d-ae5e-70ac55ce7184,2025-10-24 13:37:10.206044+00
46cecb39-9314-46cc-96d1-cab8d848b582,2025-10-29 09:34:26.071557+00
47b1c54a-8503-479b-bc3e-e47d8bf05591,2025-10-24 09:31:03.416985+00
4a1b69f7-99e6-4dbb-8fad-913f78b06fad,2025-10-24 16:53:51.639706+00
4a817424-a6d0-4029-b2d6-f9a1ee95db6a,2025-10-25 12:20:56.035902+00
4cb09214-e7f0-4a61-b6a5-ebe05dba9ea7,2025-10-24 09:31:04.222569+00
4dc6e4cb-e437-4e91-bf19-fe047a66f398,2025-10-24 08:47:55.095017+00
4dcc9b23-76a3-4f5f-a656-04aa5e6082d5,2025-11-10 14:02:33.851541+00
4fbd8368-ab13-4fda-a572-bd2cbcdf7fbb,2025-10-30 20:39:48.779024+00
52310d5e-4998-414c-896b-3751e9bfdf26,2025-10-27 16:39:59.246132+00
52babbe0-ff38-45d0-868a-3d6d47897317,2025-10-27 05:30:24.295125+00
53064d35-2ae7-4a8d-b9c6-89edcf501359,2025-10-29 09:42:20.895537+00
54bf8b9b-a739-4835-adef-296d9f8e072b,2025-11-09 18:45:13.561415+00
55a58766-6300-431d-ad37-f3efa37b0385,2025-11-10 10:22:31.500199+00
5616d1ae-0beb-4ccf-8165-8d2e0446c46a,2025-11-09 04:56:47.813084+00
56e55a8c-87fe-4118-9a5f-a598ac2c3d22,2025-11-09 03:40:50.17291+00
572d72f9-69f0-452f-b8f4-6190ebb049f3,2025-11-09 11:41:24.829599+00
57999da8-0340-4ce5-ba9d-826ef7c555e4,2025-11-10 14:02:31.514923+00
59195f36-6795-45a7-855f-33d6b65f6961,2025-10-29 09:54:08.998649+00
59f2ed2c-cf62-42e9-8bf6-1ba9b780b695,2025-11-09 06:46:06.628256+00
5addaa61-1640-4204-b112-292aa59a9ae2,2025-11-09 11:09:31.330787+00
5b9a4f40-37c0-4f96-a064-68b0b43dec40,2025-10-27 05:30:22.972755+00
5bd567b1-6842-41fc-96a1-75d005fc6aea,2025-11-02 11:05:31.425377+00
5d4b6296-98c8-416a-88c6-778717787946,2025-10-23 18:31:30.293034+00
5d65911a-4d19-4d5a-80b3-8339fd60c6b0,2025-11-08 23:04:28.44861+00
62fcfbbd-4f1f-4829-9e4e-48426fa762c0,2025-10-25 22:08:01.432933+00
63033153-4070-4ca7-b1d3-6b10c2c89f8f,2025-10-29 13:02:54.967435+00
654c8ac1-4b3d-4b7f-b5f9-c8dbe2e50115,2025-10-29 09:52:55.374188+00
669818f4-1da9-4994-a22e-baad5bb73876,2025-11-06 10:29:34.075361+00
66b39dac-7437-45e0-aaf3-945e66aca6cb,2025-10-24 16:47:54.801252+00
68d32c3d-c0b6-4be2-8921-4e44df70b5ec,2025-11-09 09:56:05.328514+00
696139aa-8263-4f8f-a701-241c7350d222,2025-11-11 05:05:48.282881+00
69a7b8a0-f8c3-4111-905a-7341bbb5587e,2025-10-24 12:20:45.149827+00
6bcd4876-2968-4f4f-b911-115ef1247887,2025-11-02 11:05:31.686967+00
6d381a6c-8430-4f74-ad84-22bd364e1792,2025-10-24 18:21:48.898126+00
6ebbbfba-e9cf-43c3-ae8d-d4b1403e558a,2025-10-25 20:05:18.258853+00
6f637ed5-c92f-4ab9-942a-b7e8b365e8e9,2025-10-24 12:20:46.185841+00
6f950bea-dffd-4c60-8648-6b643e84d277,2025-10-31 09:21:53.578547+00
70a0f190-8c20-40b5-8ac6-2052aac0cd81,2025-11-10 10:22:30.118345+00
748d8736-45a3-4146-89f1-99d696eab981,2025-11-10 03:25:13.552331+00
749fc4a3-e119-45b2-9566-9f94db61a02c,2025-10-24 16:28:31.685199+00
77be8323-86dd-4006-b8b6-1ace3171e5e0,2025-10-25 08:45:06.830664+00
78c5f38e-ecce-40df-9a5a-fabf31dc8c61,2025-11-09 15:37:21.048655+00
7a618f5d-7c8e-4d1b-a2e3-2a89543f7711,2025-11-10 13:20:59.574083+00
7b510585-c09c-43d8-8d1a-7e44a34d7fda,2025-10-24 09:31:01.971065+00
7cc886f4-7dba-4ad7-b7e9-b321b8cda505,2025-10-26 15:38:20.260226+00
7e98bf79-6d68-49e3-a639-e87289460987,2025-10-25 12:41:39.066039+00
7fd80146-45d4-4ec9-9b58-d8074ab04ba5,2025-10-24 11:51:08.396019+00
80188f08-8c28-4ab9-878d-07eae49d8daa,2025-11-09 18:45:14.253668+00
819b9a0d-1a04-421f-bc67-6629df6fe9d1,2025-11-09 14:33:00.465995+00
847cef5d-5e01-40ea-b33b-c21db312423a,2025-11-08 23:37:31.980658+00
84dc1ce4-09c3-4798-9aa0-754802950e3f,2025-10-29 10:19:49.551232+00
8503f49a-3c92-4f27-925f-ed796566f376,2025-10-23 14:26:14.995666+00
859dd8e7-596e-4f39-a09c-9f2a740dcce9,2025-10-24 11:06:49.076952+00
861bf96c-d651-4073-b365-7b9326bed46b,2025-11-09 11:18:24.58304+00
887f2d30-0918-40a9-8210-55efb4c82d4b,2025-10-24 10:07:03.593453+00
8c4462ee-c971-44f2-8565-f958c8b0095e,2025-11-09 03:52:49.325348+00
8f71322f-e904-4f23-80ff-0d9d8268cca9,2025-11-01 18:52:17.878358+00
8ffd4956-2bd8-4e9a-8b59-8b1577e0faae,2025-11-09 06:46:06.413928+00
9011e52c-69c5-4e69-8fee-0b124371e6da,2025-10-24 19:15:08.819464+00
91d9c135-b91e-4d7d-949e-90074e40b751,2025-10-29 09:45:22.974378+00
93081367-9d78-4f2e-a191-0b9bd3d846ce,2025-10-29 09:34:51.02926+00
94a41961-0326-4df8-bdb2-1b8a42fee78f,2025-10-25 11:01:17.542916+00
9514f7cb-ea0e-4972-b250-7b6de5456dd4,2025-11-09 09:16:12.099117+00
95ba0d1d-34c4-4f3e-8410-808e5a4eeffe,2025-10-26 15:25:19.60065+00
965c5f1c-2039-4805-bd01-e3464c2c5d67,2025-10-31 19:39:36.215074+00
967dd793-277b-4b40-a2c4-73ada58bca1b,2025-10-27 05:30:26.661721+00
96fb9542-8d19-4aa2-b14c-0ac78d75e363,2025-11-15 20:59:31.892605+00
9b1ae3c8-a3b1-4ca0-a409-4681a4e01d03,2025-11-09 06:55:04.160204+00
9b95cd3d-0a2c-4f0b-8a62-f19726ffedd0,2025-11-09 21:57:20.278163+00
9c976e1e-9c97-485f-9466-d7044b3cb536,2025-11-09 06:46:03.639744+00
9f4c7caa-258d-4cf8-9ca8-97fd6aa75adb,2025-10-24 21:13:53.721222+00
a012ec9e-680d-4279-a865-49a900a1e166,2025-11-09 21:57:19.863439+00
a02da735-7361-475e-ab5c-8c0ed8434e6e,2025-10-24 19:16:02.881188+00
a1f3a69a-681e-4f37-9318-6e3429f7df67,2025-10-24 09:08:21.776926+00
a24e6274-722c-4d5f-ad2c-3467149b3b22,2025-11-09 07:28:39.724408+00
a3b5cbcf-8756-4a67-ac1d-4cd527e21831,2025-10-29 09:33:49.713174+00
a3f22850-673d-4ebd-9257-739382c0df0f,2025-11-09 07:40:34.741601+00
a4669e11-c077-477c-afc4-f91db792fcbc,2025-11-09 06:46:01.319066+00
a4b2a762-b616-4580-958d-1db1b8f44d8e,2025-10-29 10:11:38.496918+00
a6c51e96-f24d-4519-8317-4386ed27966a,2025-11-10 13:21:00.363555+00
a7384272-2897-4d3f-a0f0-06511b539ce4,2025-10-24 09:10:06.359289+00
a77f8862-3101-406a-b60e-504148609c87,2025-10-24 09:31:04.456927+00
a88a0c32-59d8-4129-b725-1a7f82c13cb6,2025-11-10 03:59:10.376485+00
a8f43d95-44c7-4673-ba52-c8d904b1c1d4,2025-10-25 19:55:25.717337+00
a9da98c5-2fc9-4b11-a6ec-4517282e15ec,2025-10-29 09:50:42.580496+00
aa480662-b827-473c-b7fc-381028780fb2,2025-10-29 09:46:12.49998+00
aa63fa03-ba35-478c-8418-9c2e565aa50b,2025-10-27 16:24:32.633438+00
abbf10a4-e7cc-4b4c-af44-10c758bec7a8,2025-11-16 16:28:47.189733+00
abe1b85d-3fc9-4c16-8bc8-736600dbbbf4,2025-11-01 18:30:13.878046+00
ac6d4f7a-778d-4320-89e7-044484936156,2025-11-09 08:15:07.728101+00
ac949d82-36b4-41ec-881b-29e6ba41e276,2025-11-10 20:27:17.671537+00
ace0e0c2-5c65-4de7-b47e-44beea72844a,2025-10-26 09:40:51.057919+00
b3098529-2d82-46a7-8fc0-f2d770a6769e,2025-10-29 08:44:25.541874+00
b5dbd018-b2de-4cbf-9529-37bf98cab680,2025-10-24 09:31:07.274716+00
b64f74c1-f0b2-4cc4-8f56-3650aa9fa5ba,2025-11-13 10:20:03.712912+00
b7e0030e-cc74-453a-9186-ede34c614f1f,2025-11-09 20:04:06.253092+00
b9447d8b-d49e-4394-aa36-9e76c4c141c5,2025-10-23 19:59:47.257887+00
bdba69c9-e97a-4414-bb6c-5d65ba2dba8e,2025-10-29 09:43:21.842334+00
bf0f74d8-a485-4ae1-95ca-8e4129b82376,2025-10-29 10:11:25.951897+00
c03cfb72-188d-4677-ab8d-eacd1ea933d7,2025-11-09 09:16:15.797353+00
c05abdb6-fc37-4db3-b9f7-3545399691f5,2025-10-26 15:36:53.616295+00
c0a15a96-9b84-4a72-aeb8-04914a6c89b6,2025-11-09 19:03:19.180607+00
c1a09c9f-11bf-4476-8a05-ee16a52c4d15,2025-11-04 21:56:35.284076+00
c1f0ba55-5c73-4fea-9787-42583c2823aa,2025-11-09 00:08:50.225386+00
c20230fe-0272-445f-8e25-c2db6002de99,2025-11-08 23:33:05.518722+00
c4a5a564-a784-476b-98ca-39f21fdfba45,2025-11-09 07:28:40.81701+00
c78792c8-f528-44d6-b30a-4f1c09ff66b0,2025-11-09 09:24:10.059558+00
cc3dc343-3673-4317-9be7-216b74e602f8,2025-10-29 09:46:02.747644+00
cf3618a7-68f2-404d-86b7-6070fd32f54d,2025-10-23 14:38:33.105036+00
d2ea6e4c-6df2-4f19-a585-ca72553ba3f6,2025-10-25 19:52:48.343945+00
d31c146a-5bd4-48c5-a2d1-9b5b39fb6647,2025-10-24 13:36:37.581038+00
d6092869-e9a5-4b33-919d-636fffa78398,2025-10-25 09:39:34.615947+00
d6939226-3b6f-4d7b-99ab-d4c3c1db64e6,2025-10-25 18:10:44.56776+00
d6b9ed83-fd24-4816-90a5-d25d61a1048f,2025-11-10 13:21:02.517352+00
d93d09fa-66e9-4149-bf0b-188c0c466fce,2025-10-26 13:38:05.323504+00
d9441a08-a4a9-4be5-bbd3-a76c64d2c3bd,2025-10-29 17:29:33.427419+00
d979481f-3576-40a8-9fe3-f7a8af66bb6a,2025-11-06 22:01:21.890931+00
dcf98cf7-8344-422d-88f3-b7d2fd212311,2025-10-25 19:52:46.106349+00
dd63fb3b-0969-43b3-a301-9f9bfc293d2d,2025-10-24 11:06:50.255327+00
ddad83bc-79af-445d-8678-b3dae2036c34,2025-11-09 06:46:01.747368+00
defaf359-e859-448e-a796-e09e532d5efa,2025-10-29 09:44:15.547972+00
dff30e7b-01b7-49ba-b31c-1ae0e4091112,2025-11-06 20:11:23.470687+00
e3124ea1-892e-4f1d-8115-49984347ed4d,2025-11-09 07:28:38.398458+00
e34ada43-6ec8-4416-b50f-abfc7b2ef170,2025-10-29 09:57:52.938549+00
e451c4cc-bf0c-4bff-950f-e36de5e1cb55,2025-10-29 09:50:43.91009+00
e735e6de-c6c4-4eb8-96c1-1a1e77104d72,2025-11-10 20:27:19.028159+00
e8e70b08-3102-41a7-8442-712dbf743e31,2025-11-15 20:55:42.411521+00
e98964ae-fbfd-42ee-9e6e-20b332d1a03d,2025-11-10 10:25:03.079747+00
eacab3dc-c1f8-45ed-b9b8-1437405098f4,2025-11-09 20:36:49.267095+00
ecddf8ac-165d-4319-b873-900951741024,2025-10-29 09:56:28.38769+00
ed06f6e9-c278-47f8-b36b-ce7e800f0ffa,2025-11-10 15:22:05.392389+00
ed5465e5-44b7-49ca-b0d3-a92a13ec32a9,2025-11-08 23:37:31.644691+00
ed6175c1-1a79-4e62-8c08-086d4003d715,2025-10-29 09:57:50.173608+00
ed93edf3-2c16-4867-a887-08d626d83f15,2025-11-10 10:26:24.06832+00
ef9c788d-c91f-44d2-9b34-41a14fd3b90d,2025-10-29 09:56:37.563961+00
efc22545-107b-4000-ab5d-3df854058059,2025-10-24 21:40:22.013885+00
f143fe19-57c7-4a88-9f66-db054bd3f1e7,2025-10-24 16:23:39.092619+00
f2a63639-076f-4b63-a9bd-01d5037ba0c0,2025-10-29 09:45:26.71851+00
f4026161-a110-42b9-a308-94ad672ed15e,2025-10-29 09:43:25.188548+00
f4af8644-ec61-47f0-b946-d706c1c802b1,2025-10-27 16:24:32.812766+00
f5e6f1b0-b148-4360-b6c6-56123f358522,2025-11-09 11:30:33.875065+00
f888f80f-bed9-4621-b62e-d85d018ad6e0,2025-10-29 09:43:29.257057+00