id,participant_id,session_start_time,session_end_time,session_duration_ms,record_created_at
007039bb-a56e-4342-bb3a-20576d7b6536,669818f4-1da9-4994-a22e-baad5bb73876,2025-11-06 10:29:34.663+00,,,2025-11-06 10:29:35.019907+00
01b7a57e-5e83-4228-88cc-1814ce1c9642,e451c4cc-bf0c-4bff-950f-e36de5e1cb55,2025-10-29 09:50:44.354+00,2025-10-29 09:52:54.738+00,130384,2025-10-29 09:52:54.890946+00
01c44a54-46bd-4d70-91cf-01289f868f6f,35629500-b6de-4bd6-b17f-bdf9196153d1,2025-10-30 11:17:51.782+00,,,2025-10-30 11:17:51.945187+00
0206bfb1-7c09-4de2-a63a-2a194da78b48,3166c9d8-11cf-41e4-9f82-1868556a06d1,2025-10-29 14:05:45.673+00,,,2025-10-29 14:05:45.860063+00
02b3522c-83c9-44a8-8d8f-002bd3c72fa1,6f950bea-dffd-4c60-8648-6b643e84d277,2025-10-31 09:21:54.992+00,,,2025-10-31 09:21:55.306001+00
02c72378-261f-4449-ad36-7652774159a6,68d32c3d-c0b6-4be2-8921-4e44df70b5ec,2025-11-09 09:56:06.014+00,,,2025-11-09 09:56:07.310221+00
0307c527-a025-4ffe-9ce0-5c523b401f6e,696139aa-8263-4f8f-a701-241c7350d222,2025-11-11 05:05:49.126+00,2025-11-11 05:08:31.928+00,162802,2025-11-11 05:08:32.786626+00
031f9126-a33f-4aae-833c-c5c67353cfb6,eacab3dc-c1f8-45ed-b9b8-1437405098f4,2025-11-09 20:36:49.775+00,,,2025-11-09 20:36:50.455816+00
052237e3-67be-427b-bd7f-193533c6abf9,d979481f-3576-40a8-9fe3-f7a8af66bb6a,2025-11-06 22:01:22.388+00,,,2025-11-06 22:01:22.656027+00
05a17c47-48f3-4355-9d01-addad5c32aa5,1aa168b9-88f3-49f4-980d-e3bd77f22246,2025-10-29 09:54:44.062+00,2025-10-29 09:56:36.132+00,112070,2025-10-29 09:56:36.255384+00
0609002a-fdbb-4dd3-a336-9961721a37f9,31085946-b0c6-4068-83c2-c53b0ca8d20a,2025-10-29 09:34:45.941+00,,,2025-10-29 09:34:46.111825+00
08476534-b002-45f2-b9ee-6cb14b826ddb,819b9a0d-1a04-421f-bc67-6629df6fe9d1,2025-11-09 14:33:01.423+00,2025-11-09 14:38:48.298+00,346875,2025-11-09 14:38:48.469976+00
08c0c0c2-6df9-406a-92fe-1f5f8e03ce80,d979481f-3576-40a8-9fe3-f7a8af66bb6a,2025-11-06 22:01:22.388+00,2025-11-06 22:07:11.237+00,348849,2025-11-06 22:07:11.516489+00
0a1eaf80-0079-4146-831d-1af70ab5fe7f,f5e6f1b0-b148-4360-b6c6-56123f358522,2025-11-09 11:30:35.346+00,2025-11-09 11:44:13.292+00,817946,2025-11-09 11:44:14.820808+00
0b8d83ef-b122-4254-8c75-8eb803a43dc5,bf0f74d8-a485-4ae1-95ca-8e4129b82376,2025-10-29 10:11:25.877+00,,,2025-10-29 10:11:26.057176+00
0dbae2fd-6a99-4ef9-823d-2f14b7a8c856,15ef74b6-a61a-474c-b855-696b20ce58fb,2025-10-24 14:11:51.631+00,,,2025-10-24 14:11:51.868323+00
0e671dc7-e612-41bb-a715-4cd276a02970,40546463-66b9-4691-9a2c-2762553e6edd,2025-11-10 10:26:24.116+00,,,2025-11-10 10:26:24.269933+00
0eba4811-7acd-40d3-80de-bbdc30077bdc,56e55a8c-87fe-4118-9a5f-a598ac2c3d22,2025-11-09 03:40:50.833+00,,,2025-11-09 03:40:51.778055+00
0fa81586-e84b-41f4-a16d-a13fc914dc7c,a88a0c32-59d8-4129-b725-1a7f82c13cb6,2025-11-10 03:59:10.841+00,,,2025-11-10 03:59:11.627753+00
1125ac3d-3b22-463f-a55a-e084a52df6eb,2fe004ca-a69f-44a0-b41b-789be0efbc65,2025-10-26 15:25:20.064+00,2025-10-26 15:27:13.212+00,113148,2025-10-26 15:27:13.37784+00
11dd9cc9-5b4a-4cd5-b836-612f62f6a9e6,3409f5be-93f2-44f4-8edb-910e95126257,2025-11-10 07:22:57.74+00,2025-11-10 07:23:56.719+00,58979,2025-11-10 07:23:56.945929+00
12a4dbb9-6442-490b-876a-976ce0424a5e,3beee5db-499b-4741-b3ea-72c6f17ffb86,2025-10-24 08:47:57.24+00,,,2025-10-24 08:47:58.34593+00
12b26e3a-ee00-468a-a9f8-5fabf96c1153,aa480662-b827-473c-b7fc-381028780fb2,2025-10-29 09:46:13.013+00,,,2025-10-29 09:46:13.155851+00
13ec1067-af03-4da4-9a2d-a8b959aba828,57999da8-0340-4ce5-ba9d-826ef7c555e4,2025-11-10 14:02:32.396+00,,,2025-11-10 14:02:33.475705+00
154a7b96-9839-4ed4-900e-ef7d6d2ba198,2c6b5f8e-3b3f-4b6e-9e0a-65aa6d357025,2025-10-29 09:57:49.79+00,2025-10-29 09:59:19.145+00,89355,2025-10-29 09:59:19.25625+00
1954fcc2-ba6f-4939-b0bf-9badf62332c6,3dd6f83e-acaa-4e21-b1e4-e61625cf5bdf,2025-10-27 16:40:04.09+00,,,2025-10-27 16:40:05.166994+00
1a5772b4-1e7d-43f0-a0af-b9b5088f43be,0d670197-8d91-4da7-9f55-e37a47cccfec,2025-10-26 05:40:42.823+00,,,2025-10-26 05:40:43.059854+00
1ba4e0da-07df-48f5-8a45-371b4803acc0,a88a0c32-59d8-4129-b725-1a7f82c13cb6,2025-11-10 03:59:10.841+00,2025-11-10 04:02:13.733+00,182892,2025-11-10 04:02:14.413553+00
1d60f68e-be81-41bc-b4b4-f8f015d5cb74,b5dbd018-b2de-4cbf-9529-37bf98cab680,2025-10-24 09:31:08.14+00,2025-10-24 09:33:19.758+00,131618,2025-10-24 09:33:20.644856+00
1e7aed32-7082-4abb-a738-ef3a17536cf3,e98964ae-fbfd-42ee-9e6e-20b332d1a03d,2025-11-10 10:25:03.47+00,,,2025-11-10 10:25:03.601164+00
1f757c44-b0fd-470d-818e-50b4d3efdefd,cf3618a7-68f2-404d-86b7-6070fd32f54d,2025-10-23 14:38:33.567+00,,,2025-10-23 14:38:34.335391+00
20c9d9aa-75bd-4b47-9dff-b157b0d907cb,3beee5db-499b-4741-b3ea-72c6f17ffb86,2025-10-24 08:47:58.199+00,,,2025-10-24 08:47:59.305348+00
210eca7a-c681-4ada-b038-f80932eed6be,94a41961-0326-4df8-bdb2-1b8a42fee78f,2025-10-25 11:01:18.22+00,,,2025-10-25 11:01:18.478492+00
2154ffba-2fe5-4f72-af21-c06f2342f849,d31c146a-5bd4-48c5-a2d1-9b5b39fb6647,2025-10-24 13:36:37.97+00,,,2025-10-24 13:36:38.100641+00
21f8a080-2a1b-434e-991b-0fd94aaaf11c,91d9c135-b91e-4d7d-949e-90074e40b751,2025-10-29 09:45:26.963+00,,,2025-10-29 09:45:27.126292+00
232e6c2f-1074-4d81-a564-3953ffee2235,a8f43d95-44c7-4673-ba52-c8d904b1c1d4,2025-10-25 19:55:26.081+00,,,2025-10-25 19:55:26.236211+00
24741997-11ad-4722-955e-823954951190,62fcfbbd-4f1f-4829-9e4e-48426fa762c0,2025-10-25 22:08:02.079+00,,,2025-10-25 22:08:02.70954+00
24ac0daa-dde6-4386-89c0-8dec18fe1c02,0bc7fbaf-9ca3-4fd7-931b-56e6263ba7ba,2025-10-28 08:19:40.625+00,2025-10-28 08:22:30.889+00,170264,2025-10-28 08:22:31.209512+00
25aef381-f1e8-48ab-ba10-1965d0ccbfc9,2a3e0171-354e-4d83-af22-c9a1c1fd372b,2025-11-09 00:08:48.911+00,,,2025-11-09 00:08:50.187715+00
263f6c48-0938-4d76-ae7f-3ee8a4bb231d,ed6175c1-1a79-4e62-8c08-086d4003d715,2025-10-29 09:57:50.641+00,2025-10-29 10:00:10.785+00,140144,2025-10-29 10:00:10.905459+00
2763268f-6748-4303-8f08-c65552465b89,4dcc9b23-76a3-4f5f-a656-04aa5e6082d5,2025-11-10 14:02:34.18+00,2025-11-10 14:03:13.665+00,39485,2025-11-10 14:03:14.637222+00
27901d78-0b59-4624-8d46-4c6e3b921c7e,ac6d4f7a-778d-4320-89e7-044484936156,2025-11-09 08:15:08.106+00,,,2025-11-09 08:15:08.330922+00
27c19982-3dac-48c7-b38b-1821c41c3370,5d65911a-4d19-4d5a-80b3-8339fd60c6b0,2025-11-08 23:04:29.115+00,2025-11-08 23:06:38.668+00,129553,2025-11-08 23:06:38.833363+00
2ac16f8d-1dc4-45d9-9ce1-8e9b905d1802,859dd8e7-596e-4f39-a09c-9f2a740dcce9,2025-10-24 11:06:50.461+00,2025-10-24 11:08:34.378+00,103917,2025-10-24 11:08:34.534808+00
2b13f2fc-e235-446c-b8a0-e5fd8f9c93db,696139aa-8263-4f8f-a701-241c7350d222,2025-11-11 05:05:49.126+00,,,2025-11-11 05:05:50.319884+00
2b173cbd-41aa-4556-b5d5-cb529731b96f,9b95cd3d-0a2c-4f0b-8a62-f19726ffedd0,2025-11-09 21:57:20.506+00,2025-11-09 22:00:54.512+00,214006,2025-11-09 22:00:54.618072+00
2de1ab63-ec53-4de1-9195-90a4e3965b23,09e6255b-ed66-4eea-a314-104a08130ac0,2025-10-31 22:10:58.834+00,,,2025-10-31 22:10:59.139999+00
2ec429a2-b1a6-43cc-b409-6b019db591d7,d6939226-3b6f-4d7b-99ab-d4c3c1db64e6,2025-10-25 18:10:45.014+00,2025-10-25 18:13:49.325+00,184311,2025-10-25 18:13:49.476378+00
2f8ae728-a377-4933-a6e9-84964cb7e274,3dc7a02f-4c0e-470e-b5ab-f7eb8451f9c6,2025-10-29 14:05:41.069+00,,,2025-10-29 14:05:41.272993+00
306188ee-6c10-472e-ab44-e2fbf342a2e4,38d37141-0e01-4401-9b70-9692953647a1,2025-11-07 15:12:19.09+00,2025-11-07 15:15:09.414+00,170324,2025-11-07 15:15:09.663739+00
34690394-dbb9-4d81-a287-64baca8cb5e5,96fb9542-8d19-4aa2-b14c-0ac78d75e363,2025-11-15 20:59:32.366+00,,,2025-11-15 20:59:32.532937+00
347c1a63-b5df-432a-a12d-857ba68abc35,248da696-aba9-4c14-9e83-b0d61a2e374c,2025-10-29 09:54:37.664+00,,,2025-10-29 09:54:37.857211+00
34fb7026-c036-4a63-a0a6-76d901fde0fa,91d9c135-b91e-4d7d-949e-90074e40b751,2025-10-29 09:45:28.005+00,,,2025-10-29 09:45:28.907682+00
3600d2ba-e106-4026-af08-262b8aab7fee,1ca312c1-1220-496a-85fb-3d59b52341bd,2025-10-25 10:17:51.59+00,,,2025-10-25 10:17:51.960027+00
36f2c14a-efaf-4173-9de8-d636a7295444,c4a5a564-a784-476b-98ca-39f21fdfba45,2025-11-09 07:28:40.335+00,,,2025-11-09 07:28:41.751988+00
37790233-a839-427b-945d-71d8d785cee3,3166c9d8-11cf-41e4-9f82-1868556a06d1,2025-10-29 14:05:45.673+00,2025-10-29 14:08:40.226+00,174553,2025-10-29 14:08:40.33887+00
38ade10e-6114-4f4c-a7b7-d85fa1c189af,80188f08-8c28-4ab9-878d-07eae49d8daa,2025-11-09 18:45:14.555+00,,,2025-11-09 18:45:16.24154+00
3a8d2f6d-32c6-4463-ae9a-5b8b9abcfef3,b64f74c1-f0b2-4cc4-8f56-3650aa9fa5ba,2025-11-13 10:20:04.277+00,2025-11-13 10:28:22.08+00,497803,2025-11-13 10:28:22.19707+00
3ba17380-347e-4733-bf7b-a6ab2469d403,4fbd8368-ab13-4fda-a572-bd2cbcdf7fbb,2025-10-30 20:39:49.237+00,,,2025-10-30 20:39:49.655029+00
3d0a4216-6f66-419f-85e8-95bc74e8c0b3,2d8dd1db-9d38-49e0-bf03-5b4735523d27,2025-10-29 09:52:50.793+00,,,2025-10-29 09:52:50.908729+00
3dd51d15-d11b-4b8e-98bd-91e661e03746,53064d35-2ae7-4a8d-b9c6-89edcf501359,2025-10-29 09:42:21.092+00,,,2025-10-29 09:42:21.25341+00
4186b2aa-3ab1-4d23-a727-cd69fb10b9ee,46cecb39-9314-46cc-96d1-cab8d848b582,2025-10-29 09:34:26.48+00,2025-10-29 09:36:35.508+00,129028,2025-10-29 09:36:35.645449+00
41d891f6-158d-478c-900e-0936135c03f1,35f58cd5-b9a5-4132-a94d-8fcad2800a59,2025-10-24 19:11:36.971+00,2025-10-24 19:14:27.424+00,170453,2025-10-24 19:14:27.541556+00
42735e05-8de5-4e28-8479-907a7ae74d17,5addaa61-1640-4204-b112-292aa59a9ae2,2025-11-09 11:09:31.863+00,,,2025-11-09 11:09:32.237082+00
428a370b-8430-4af6-aded-eea0f8630757,c4a5a564-a784-476b-98ca-39f21fdfba45,2025-11-09 07:28:41.702+00,2025-11-09 07:32:16.174+00,214472,2025-11-09 07:32:16.942441+00
42a2ed4a-e44a-4964-9ecb-e4eb9d4f8331,859dd8e7-596e-4f39-a09c-9f2a740dcce9,2025-10-24 11:06:49.591+00,,,2025-10-24 11:06:49.946147+00
436f915e-036e-4b04-9248-0ddb1418e20c,ace0e0c2-5c65-4de7-b47e-44beea72844a,2025-10-26 09:40:51.718+00,2025-10-26 09:43:42.111+00,170393,2025-10-26 09:43:42.449165+00
43d04709-b7c7-4304-ba46-5a5be31db5e1,43a3d24a-fbe9-455d-ae5e-70ac55ce7184,2025-10-24 13:37:10.679+00,,,2025-10-24 13:37:10.838672+00
467c8b7d-ff81-4728-b3cf-86c93fc0369e,c20230fe-0272-445f-8e25-c2db6002de99,2025-11-08 23:33:06.019+00,2025-11-08 23:34:02.151+00,56132,2025-11-08 23:34:02.283442+00
46c3a969-148a-43f4-9a18-37cb64b7a395,5d4b6296-98c8-416a-88c6-778717787946,2025-10-23 18:31:30.895+00,2025-10-23 18:34:59.811+00,208916,2025-10-23 18:35:00.196133+00
477de9a3-6eb9-4478-a7f6-a37a08218a56,ac6d4f7a-778d-4320-89e7-044484936156,2025-11-09 08:15:08.106+00,2025-11-09 08:17:58.357+00,170251,2025-11-09 08:17:58.513461+00
47b24930-02b9-4103-aeef-c427094403f4,1f0df1be-a1ea-4080-90c3-230fe9e35174,2025-11-10 03:25:14.283+00,2025-11-10 03:26:06.698+00,52415,2025-11-10 03:26:07.101629+00
48bc9f24-6246-4d8a-b0f5-9bcf0dd164d0,53064d35-2ae7-4a8d-b9c6-89edcf501359,2025-10-29 09:42:21.129+00,2025-10-29 09:53:05.575+00,644446,2025-10-29 09:53:05.682504+00
48cc1875-30be-4090-8118-12ed601c7619,150c9e8d-b354-4ddc-a819-fe8c5906016d,2025-10-23 19:55:51.354+00,,,2025-10-23 19:55:51.552211+00
4c32bd4e-50d4-4dc9-96eb-9af20217f587,9011e52c-69c5-4e69-8fee-0b124371e6da,2025-10-24 19:15:09.509+00,2025-10-24 19:17:32.973+00,143464,2025-10-24 19:17:33.58166+00
4c529498-0524-4604-9603-849c4914db59,f4026161-a110-42b9-a308-94ad672ed15e,2025-10-29 09:43:25.686+00,,,2025-10-29 09:43:25.873443+00
4c58a3cc-6a0a-4d0b-874a-520915aa6c73,42fca421-b079-41f1-9434-69205a0e4785,2025-10-24 18:21:47.96+00,,,2025-10-24 18:21:48.271828+00
4d7e07d3-b379-4476-8124-d8a4aa534201,eacab3dc-c1f8-45ed-b9b8-1437405098f4,2025-11-09 20:36:49.775+00,2025-11-09 20:37:53.451+00,63676,2025-11-09 20:37:53.844511+00
4d871a6f-dbab-41d6-9a33-a16506148f26,2c6b5f8e-3b3f-4b6e-9e0a-65aa6d357025,2025-10-29 09:57:49.79+00,,,2025-10-29 09:57:49.941071+00
4dc4d1c5-9bba-41b7-9057-4647efb55e3a,e451c4cc-bf0c-4bff-950f-e36de5e1cb55,2025-10-29 09:50:44.354+00,,,2025-10-29 09:50:44.53164+00
4e0ef694-51f3-4a16-9e86-497b18d6284f,2afa9961-1844-49e8-80fc-444466532f46,2025-10-24 17:06:39.799+00,,,2025-10-24 17:06:40.078415+00
4ef80d65-ec6d-46fa-90de-815716151465,9514f7cb-ea0e-4972-b250-7b6de5456dd4,2025-11-09 09:16:12.98+00,,,2025-11-09 09:16:15.388115+00
4f7afde8-00a0-4009-84d8-2f403c760b87,2afa9961-1844-49e8-80fc-444466532f46,2025-10-24 17:06:39.799+00,2025-10-24 17:10:49.029+00,249230,2025-10-24 17:10:49.328167+00
4fbde646-1139-4fd5-80d8-fb0a6a15e597,7a618f5d-7c8e-4d1b-a2e3-2a89543f7711,2025-11-10 13:21:01.804+00,,,2025-11-10 13:21:02.081434+00
5270b032-7ec7-487f-8706-11f52f570d1a,c4a5a564-a784-476b-98ca-39f21fdfba45,2025-11-09 07:28:41.702+00,,,2025-11-09 07:28:43.237708+00
555a0539-6283-410b-be95-67f99ddd3242,403feef5-647d-4a34-a15a-c4bdc29fb2c2,2025-11-09 14:41:44.625+00,,,2025-11-09 14:41:44.7481+00
55e233e1-2d76-49f1-ba4c-b1e3c3865b6f,c03cfb72-188d-4677-ab8d-eacd1ea933d7,2025-11-09 09:16:16.562+00,2025-11-09 09:18:20.255+00,123693,2025-11-09 09:18:21.253087+00
56030492-e04e-457d-8205-ec6dda0102a0,f5e6f1b0-b148-4360-b6c6-56123f358522,2025-11-09 11:30:35.346+00,,,2025-11-09 11:30:37.072058+00
568505db-1ddc-44e9-8cfe-bec534b083c9,a3b5cbcf-8756-4a67-ac1d-4cd527e21831,2025-10-29 09:33:50.229+00,2025-10-29 09:35:13.607+00,83378,2025-10-29 09:35:13.764313+00
57faedb0-453b-4082-81c5-128bf69e2072,c1f0ba55-5c73-4fea-9787-42583c2823aa,2025-11-09 00:08:50.69+00,,,2025-11-09 00:08:51.43341+00
58f5c2c7-6c19-44d5-99ac-91c230b7c74e,d6939226-3b6f-4d7b-99ab-d4c3c1db64e6,2025-10-25 18:10:45.014+00,,,2025-10-25 18:10:45.289466+00
59d2230e-0611-4687-b578-8ad9cd2f20c4,56e55a8c-87fe-4118-9a5f-a598ac2c3d22,2025-11-09 03:40:50.833+00,2025-11-09 03:44:55.46+00,244627,2025-11-09 03:44:55.972072+00
5a586a0d-6300-4727-8466-6791c4cecab7,62fcfbbd-4f1f-4829-9e4e-48426fa762c0,2025-10-25 22:08:02.079+00,2025-10-25 22:10:06.678+00,124599,2025-10-25 22:10:07.169053+00
5b0220bb-35f2-4807-9fb0-5c708b819169,35629500-b6de-4bd6-b17f-bdf9196153d1,2025-10-30 11:17:51.782+00,2025-10-30 11:22:33.031+00,281249,2025-10-30 11:22:33.390966+00
5b66963a-e2e1-4f71-872c-9336c64655fa,2e601dd7-863d-4b9b-a60a-a7d2cfa821e8,2025-10-29 16:30:24.795+00,,,2025-10-29 16:30:25.207556+00
5d0a433b-5c97-49b1-9083-8723e158ebe6,b5dbd018-b2de-4cbf-9529-37bf98cab680,2025-10-24 09:31:08.14+00,,,2025-10-24 09:31:09.344932+00
5d2644a5-f62c-45d8-b890-ab5ef01e7f5d,6d381a6c-8430-4f74-ad84-22bd364e1792,2025-10-24 18:21:49.293+00,2025-10-24 18:22:51.954+00,62661,2025-10-24 18:22:52.118849+00
5e7b4a3a-597f-4dab-afce-cd61f1e69d7c,8ffd4956-2bd8-4e9a-8b59-8b1577e0faae,2025-11-09 06:46:06.944+00,,,2025-11-09 06:46:07.521373+00
5efbee31-960f-4b6e-bf06-c546b8c268c6,b3098529-2d82-46a7-8fc0-f2d770a6769e,2025-10-29 08:44:25.949+00,,,2025-10-29 08:44:26.311013+00
6114adce-284e-4933-8dc4-cfff1e796767,f4af8644-ec61-47f0-b946-d706c1c802b1,2025-10-27 16:24:33.168+00,2025-10-27 16:27:38.796+00,185628,2025-10-27 16:27:39.007624+00
613d69e9-4c96-4b0d-868b-ac15e995f5c5,f143fe19-57c7-4a88-9f66-db054bd3f1e7,2025-10-24 16:23:39.511+00,,,2025-10-24 16:23:39.773959+00
614728f8-ba5a-4e48-a43d-4e6cd99f12ac,f4026161-a110-42b9-a308-94ad672ed15e,2025-10-29 09:43:25.686+00,2025-10-29 09:45:46.867+00,141181,2025-10-29 09:45:47.000966+00
6217c5d7-ddd0-451c-b3dd-00bd143ac8a0,8c4462ee-c971-44f2-8565-f958c8b0095e,2025-11-09 03:52:50.664+00,,,2025-11-09 03:52:51.931478+00
64061d79-269a-44a2-baed-03f2182e86bf,d6b9ed83-fd24-4816-90a5-d25d61a1048f,2025-11-10 13:21:02.754+00,2025-11-10 13:23:28.754+00,146000,2025-11-10 13:23:29.382052+00
64974d33-f1d4-4bb8-b9e3-5dc2614e334c,a9da98c5-2fc9-4b11-a6ec-4517282e15ec,2025-10-29 09:50:44.263+00,,,2025-10-29 09:50:44.420561+00
64b1d1e8-098d-4f56-a1b4-68f46f6932c3,9b1ae3c8-a3b1-4ca0-a409-4681a4e01d03,2025-11-09 06:55:04.822+00,2025-11-09 06:56:33.974+00,89152,2025-11-09 06:56:34.893883+00
6730bb33-4eb7-4ec2-b087-aaa251c9ed0e,403feef5-647d-4a34-a15a-c4bdc29fb2c2,2025-11-09 14:41:44.625+00,2025-11-09 14:58:58.615+00,1033990,2025-11-09 14:58:58.735264+00
68158de0-3887-45c4-9b19-d7db864737a2,80188f08-8c28-4ab9-878d-07eae49d8daa,2025-11-09 18:45:14.981+00,2025-11-09 18:46:51.136+00,96155,2025-11-09 18:46:51.910801+00
68a1bc37-2f97-48a3-abd1-ca23a5927529,5b9a4f40-37c0-4f96-a064-68b0b43dec40,2025-10-27 05:30:25.504+00,,,2025-10-27 05:30:26.94986+00
68dbf1f3-f507-4547-9f5f-7114a520f534,78c5f38e-ecce-40df-9a5a-fabf31dc8c61,2025-11-09 15:37:21.788+00,2025-11-09 15:53:17.506+00,955718,2025-11-09 15:53:17.671767+00
6916c2d2-e2c8-4974-a002-fa27f58f5de1,ddad83bc-79af-445d-8678-b3dae2036c34,2025-11-09 06:46:04.617+00,,,2025-11-09 06:46:05.835253+00
69ca8899-c2c1-4a61-8e8d-04a49b1cead9,6ebbbfba-e9cf-43c3-ae8d-d4b1403e558a,2025-10-25 20:05:18.804+00,2025-10-25 20:05:56.074+00,37270,2025-10-25 20:05:56.202242+00
6a472de5-10c4-41be-b5ec-9e883fcce638,8f71322f-e904-4f23-80ff-0d9d8268cca9,2025-11-01 18:52:18.341+00,,,2025-11-01 18:52:18.569153+00
6ab86f98-db27-4681-b7e0-ff39ad074b99,a24e6274-722c-4d5f-ad2c-3467149b3b22,2025-11-09 07:28:41.243+00,,,2025-11-09 07:28:42.78795+00
6bb4fcf7-dec1-4218-ac72-5b325b231cd7,847cef5d-5e01-40ea-b33b-c21db312423a,2025-11-08 23:37:32.403+00,2025-11-08 23:40:18.374+00,165971,2025-11-08 23:40:18.980774+00
6c0045e4-9eca-4b8b-bb36-c8d9266b6f5c,7e98bf79-6d68-49e3-a639-e87289460987,2025-10-25 12:41:39.57+00,,,2025-10-25 12:41:39.829439+00
6cd0d085-7afe-471e-81d7-07fda1ffc960,9b95cd3d-0a2c-4f0b-8a62-f19726ffedd0,2025-11-09 21:57:20.16+00,,,2025-11-09 21:57:20.375575+00
6ce211a4-6c4c-4ca0-b81a-536d77502f1e,861bf96c-d651-4073-b365-7b9326bed46b,2025-11-09 11:18:25.446+00,2025-11-09 11:23:18.69+00,293244,2025-11-09 11:23:18.814425+00
6d0c8d71-349f-4858-85ed-11e5b907314d,0bc7fbaf-9ca3-4fd7-931b-56e6263ba7ba,2025-10-28 08:19:40.625+00,,,2025-10-28 08:19:40.936993+00
6d5f6ed7-653b-45cc-b3ec-875eef089e19,00b152ed-d063-48d0-a8e2-ac2a7ed8103a,2025-10-29 09:54:37.981+00,,,2025-10-29 09:54:38.158156+00
6ec0330f-3853-4b88-bee3-b24b45dfe0d4,52310d5e-4998-414c-896b-3751e9bfdf26,2025-10-27 16:39:59.514+00,2025-10-27 16:41:14.892+00,75378,2025-10-27 16:41:15.020192+00
6fac2c95-a576-48fa-b780-daa1ae04ae5a,d93d09fa-66e9-4149-bf0b-188c0c466fce,2025-10-26 13:38:05.89+00,,,2025-10-26 13:38:06.078769+00
707043c2-45eb-4753-a73d-e03f3cc1c306,29c28dd1-a00b-40cb-818f-3ceef0affc7a,2025-10-29 10:11:38.467+00,,,2025-10-29 10:11:38.620081+00
71006b9d-b62a-446a-b970-3db0d62dcd6d,b3098529-2d82-46a7-8fc0-f2d770a6769e,2025-10-29 08:44:25.949+00,2025-10-29 08:46:28.581+00,122632,2025-10-29 08:46:28.788038+00
720693bd-9445-4cd7-97d8-d34fd1d20b2e,15ef74b6-a61a-474c-b855-696b20ce58fb,2025-10-24 14:11:51.631+00,2025-10-24 14:24:48.07+00,776439,2025-10-24 14:24:48.231503+00
7504cbf4-1b55-412c-ab92-d936560d1bfd,d2ea6e4c-6df2-4f19-a585-ca72553ba3f6,2025-10-25 19:52:48.603+00,2025-10-25 19:53:40.414+00,51811,2025-10-25 19:53:40.693012+00
75ff9308-c224-44e0-a28b-9637a10dd3af,5616d1ae-0beb-4ccf-8165-8d2e0446c46a,2025-11-09 04:56:48.188+00,,,2025-11-09 04:56:48.456943+00
78b2d851-4af0-4f58-a6f1-300a5e0f79cf,654c8ac1-4b3d-4b7f-b5f9-c8dbe2e50115,2025-10-29 09:52:55.727+00,2025-10-29 09:54:51.051+00,115324,2025-10-29 09:54:51.537933+00
790727a4-7ef3-46e9-bbb2-0c9ab443b482,c78792c8-f528-44d6-b30a-4f1c09ff66b0,2025-11-09 09:24:10.439+00,,,2025-11-09 09:24:10.59438+00
7a2423f2-13d7-419e-9374-e84376339ac8,abbf10a4-e7cc-4b4c-af44-10c758bec7a8,2025-11-16 16:28:47.663+00,,,2025-11-16 16:28:47.974295+00
7a3ccbf7-baee-43ae-a834-0a7cb43ea1f6,ed93edf3-2c16-4867-a887-08d626d83f15,2025-11-10 10:26:24.297+00,2025-11-10 10:29:28.603+00,184306,2025-11-10 10:29:28.74211+00
7b143500-e246-4f67-a838-c0e69aff3b5b,2e601dd7-863d-4b9b-a60a-a7d2cfa821e8,2025-10-29 16:30:24.795+00,2025-10-29 16:32:02.297+00,97502,2025-10-29 16:32:02.549384+00
7bafe967-9deb-4f3c-b05a-babec736ea18,8503f49a-3c92-4f27-925f-ed796566f376,2025-10-23 14:26:15.789+00,,,2025-10-23 14:26:18.552433+00
7bf0c81f-ccc0-4755-9bd6-b17236e4bf06,967dd793-277b-4b40-a2c4-73ada58bca1b,2025-10-27 05:30:27.229+00,,,2025-10-27 05:30:28.422211+00
7dc88aa8-22b6-44da-b587-db7429571aa0,47b1c54a-8503-479b-bc3e-e47d8bf05591,2025-10-24 09:31:05.53+00,,,2025-10-24 09:31:07.091158+00
7f59eb8d-cad6-46f2-9250-97b0374fe2b0,0af0d177-b3fe-4922-9ce9-ecd33b8aba6d,2025-10-26 13:13:21.472+00,,,2025-10-26 13:13:21.745409+00
80b4cdfb-e910-46ce-83b8-883ae51318e5,a3b5cbcf-8756-4a67-ac1d-4cd527e21831,2025-10-29 09:33:50.229+00,,,2025-10-29 09:33:50.621981+00
80f06559-ef11-4b11-b1b7-cc3278582378,9b95cd3d-0a2c-4f0b-8a62-f19726ffedd0,2025-11-09 21:57:20.506+00,,,2025-11-09 21:57:20.680627+00
8177dd3d-bdc5-4380-9e75-dd93fd02702c,3e08818c-b14c-4396-8074-c09c2242c461,2025-11-09 21:57:19.701+00,,,2025-11-09 21:57:20.046499+00
82d09d04-a91d-46b3-84ef-87525017cbd8,965c5f1c-2039-4805-bd01-e3464c2c5d67,2025-10-31 19:39:37.596+00,,,2025-10-31 19:39:38.865274+00
830fe39d-51a9-42a8-a286-53f16e558741,654c8ac1-4b3d-4b7f-b5f9-c8dbe2e50115,2025-10-29 09:52:55.727+00,,,2025-10-29 09:52:55.875976+00
83640d13-5ecb-46b5-9846-f64c809cc58c,10011af3-ac90-42b3-9235-9668f35f39a0,2025-11-09 21:00:06.961+00,,,2025-11-09 21:00:07.174391+00
8433d371-b3a9-42fa-abc3-c24975cb6151,a02da735-7361-475e-ab5c-8c0ed8434e6e,2025-10-24 19:16:03.201+00,2025-10-24 19:17:29.834+00,86633,2025-10-24 19:17:29.944841+00
8471a5e1-7b7f-494e-934a-de0ab93eb4d1,7fd80146-45d4-4ec9-9b58-d8074ab04ba5,2025-10-24 11:51:08.796+00,2025-10-24 11:53:32.448+00,143652,2025-10-24 11:53:32.677538+00
8476cb08-c0b1-44a6-84cc-a2f1a986c5ad,cc3dc343-3673-4317-9be7-216b74e602f8,2025-10-29 09:46:03.13+00,,,2025-10-29 09:46:03.322868+00
84e41021-696c-4ca0-8b8e-902b8a9a9fae,f888f80f-bed9-4621-b62e-d85d018ad6e0,2025-10-29 09:43:29.582+00,,,2025-10-29 09:43:29.779415+00
850ccbcf-3133-4f3a-a1fe-0ea7b583a21f,7cc886f4-7dba-4ad7-b7e9-b321b8cda505,2025-10-26 15:38:20.748+00,2025-10-26 15:38:46.299+00,25551,2025-10-26 15:38:46.407889+00
85f9fd58-ddb3-4d36-8371-e92f430ea361,6bcd4876-2968-4f4f-b911-115ef1247887,2025-11-02 11:05:31.858+00,,,2025-11-02 11:05:32.100263+00
86472554-60e0-412b-a6b7-b206b5d9a45f,dff30e7b-01b7-49ba-b31c-1ae0e4091112,2025-11-06 20:11:24.088+00,,,2025-11-06 20:11:24.401513+00
87ce2b79-2795-4661-ae22-1a1255efb9e8,abe1b85d-3fc9-4c16-8bc8-736600dbbbf4,2025-11-01 18:30:14.48+00,,,2025-11-01 18:30:14.841522+00
887444cd-c096-43f0-9266-4d780e204af8,69a7b8a0-f8c3-4111-905a-7341bbb5587e,2025-10-24 12:20:50.604+00,,,2025-10-24 12:20:50.771485+00
88a01e50-537f-4b2f-84b7-a9ec0c692a9a,a1f3a69a-681e-4f37-9318-6e3429f7df67,2025-10-24 09:08:23.232+00,,,2025-10-24 09:08:23.376748+00
89b73d8f-c76a-4c6d-b8b7-5346fbed8e17,ed06f6e9-c278-47f8-b36b-ce7e800f0ffa,2025-11-10 15:22:05.896+00,2025-11-10 15:25:09.232+00,183336,2025-11-10 15:25:09.467888+00
8b1f7596-3f47-4b6e-b333-1084222ea3c1,7fd80146-45d4-4ec9-9b58-d8074ab04ba5,2025-10-24 11:51:08.796+00,,,2025-10-24 11:51:09.112725+00
8c97eac5-1eeb-4654-8d03-c72c0ffd2ce6,e735e6de-c6c4-4eb8-96c1-1a1e77104d72,2025-11-10 20:27:19.387+00,,,2025-11-10 20:27:19.635389+00
8cf89a48-9275-4946-bab9-4f81ba61afe1,47b1c54a-8503-479b-bc3e-e47d8bf05591,2025-10-24 09:31:05.42+00,,,2025-10-24 09:31:06.571634+00
8ec84369-d4a1-42e4-9195-73d8c199aabc,a8f43d95-44c7-4673-ba52-c8d904b1c1d4,2025-10-25 19:55:26.081+00,2025-10-25 19:56:43.485+00,77404,2025-10-25 19:56:43.659512+00
8fa4f6a6-ba65-49b5-a02b-da3219cd1855,5d65911a-4d19-4d5a-80b3-8339fd60c6b0,2025-11-08 23:04:29.115+00,,,2025-11-08 23:04:29.374255+00
913a7598-87fe-4e40-ac91-94e9d68fd1cb,c1a09c9f-11bf-4476-8a05-ee16a52c4d15,2025-11-04 21:56:35.804+00,,,2025-11-04 21:56:36.550458+00
9320dfac-1c2e-4ccb-8f97-c0dcf986934b,3dc7a02f-4c0e-470e-b5ab-f7eb8451f9c6,2025-10-29 14:05:41.069+00,2025-10-29 14:06:35.582+00,54513,2025-10-29 14:06:35.724253+00
961dabd1-a04b-48e3-bc14-036369fb2279,dcf98cf7-8344-422d-88f3-b7d2fd212311,2025-10-25 19:52:48.247+00,,,2025-10-25 19:52:48.590488+00
986f9689-e499-4408-8825-7c129e8194cb,55a58766-6300-431d-ad37-f3efa37b0385,2025-11-10 10:22:31.761+00,,,2025-11-10 10:22:31.918015+00
988b8c07-331e-42fe-8587-257666cfd57a,1ca312c1-1220-496a-85fb-3d59b52341bd,2025-10-25 10:17:51.59+00,2025-10-25 10:20:10.481+00,138891,2025-10-25 10:20:10.722414+00
98ddbab2-f44c-46ee-af50-1e61e957dd3e,35f58cd5-b9a5-4132-a94d-8fcad2800a59,2025-10-24 19:11:36.971+00,,,2025-10-24 19:11:37.172624+00
99a34ee7-129a-4e1e-9f03-382f5a076aa7,887f2d30-0918-40a9-8210-55efb4c82d4b,2025-10-24 10:07:04.821+00,,,2025-10-24 10:07:06.777633+00
9a0e0823-60a2-4b28-b65d-b7e0f6cf1e3c,7cc886f4-7dba-4ad7-b7e9-b321b8cda505,2025-10-26 15:38:20.748+00,,,2025-10-26 15:38:20.922495+00
9c2647b5-edd9-47ed-951f-32662e7a8181,abbf10a4-e7cc-4b4c-af44-10c758bec7a8,2025-11-16 16:28:47.663+00,2025-11-16 16:37:57.012+00,549349,2025-11-16 16:37:57.191202+00
9cc2d74e-1a5c-4cf7-880e-376fcd87c610,2e912156-c7b7-4268-8420-128a859c4876,2025-10-26 15:44:29.794+00,2025-10-26 15:45:39.02+00,69226,2025-10-26 15:45:39.157648+00
9d95e0e2-72f8-46bf-b0f6-09db7f435ff8,1b805e30-14b1-4020-a46e-e31206a8c846,2025-10-24 09:31:05.029+00,,,2025-10-24 09:31:06.1428+00
9e325f9c-2259-4943-a632-ba991d9614e1,c1f0ba55-5c73-4fea-9787-42583c2823aa,2025-11-09 00:08:50.69+00,2025-11-09 00:10:50.269+00,119579,2025-11-09 00:10:51.743658+00
9f57d60d-fa9c-46db-b649-737081993f3e,ed06f6e9-c278-47f8-b36b-ce7e800f0ffa,2025-11-10 15:22:05.896+00,,,2025-11-10 15:22:06.228206+00
9f811a5d-681f-43cf-93c6-4ac998cf68e4,31085946-b0c6-4068-83c2-c53b0ca8d20a,2025-10-29 09:34:45.941+00,2025-10-29 09:38:29.816+00,223875,2025-10-29 09:38:29.94517+00
a034be77-3961-4447-9fc8-29a6468ec7a6,ef9c788d-c91f-44d2-9b34-41a14fd3b90d,2025-10-29 09:56:37.937+00,,,2025-10-29 09:56:38.146106+00
a04044ba-8434-4b7b-b9ab-2a5882f668b0,78c5f38e-ecce-40df-9a5a-fabf31dc8c61,2025-11-09 15:37:21.788+00,,,2025-11-09 15:37:21.959185+00
a103132f-d874-41af-84c8-d87c4b148fb0,9b1ae3c8-a3b1-4ca0-a409-4681a4e01d03,2025-11-09 06:55:04.822+00,,,2025-11-09 06:55:05.993679+00
a14fb6cd-c3e2-4712-8ca6-3374da4d9a4b,defaf359-e859-448e-a796-e09e532d5efa,2025-10-29 09:44:16.216+00,,,2025-10-29 09:44:16.528417+00
a21e5484-b8f3-40ca-8323-9fc4069ca14b,77be8323-86dd-4006-b8b6-1ace3171e5e0,2025-10-25 08:45:07.201+00,,,2025-10-25 08:45:07.396268+00
a27fdbcd-8784-4b45-9a11-d47b44ec5e9b,7e98bf79-6d68-49e3-a639-e87289460987,2025-10-25 12:41:39.57+00,2025-10-25 12:44:30.202+00,170632,2025-10-25 12:44:30.407605+00
a2d51f37-6304-4504-b57f-ffa2949b80cc,8ffd4956-2bd8-4e9a-8b59-8b1577e0faae,2025-11-09 06:46:07.321+00,,,2025-11-09 06:46:08.081765+00
a2ee5f95-24e2-4637-986a-0998fa993ed0,55a58766-6300-431d-ad37-f3efa37b0385,2025-11-10 10:22:31.761+00,2025-11-10 10:25:26.513+00,174752,2025-11-10 10:25:26.721633+00
a3800252-3e4a-4f03-aedb-22423a0b6636,a7384272-2897-4d3f-a0f0-06511b539ce4,2025-10-24 09:10:06.694+00,,,2025-10-24 09:10:06.840081+00
a4eb7d4b-c3e8-4dc2-9c3f-b424e0a9dbaa,93081367-9d78-4f2e-a191-0b9bd3d846ce,2025-10-29 09:34:51.37+00,,,2025-10-29 09:34:51.536499+00
a51e4831-a372-416f-b9ad-ba839ac97005,dff30e7b-01b7-49ba-b31c-1ae0e4091112,2025-11-06 20:11:24.088+00,2025-11-06 20:13:30.646+00,126558,2025-11-06 20:13:30.853874+00
a5765231-b98d-4cd1-8c13-fcc3e0b39872,ed93edf3-2c16-4867-a887-08d626d83f15,2025-11-10 10:26:24.297+00,,,2025-11-10 10:26:24.425025+00
a6810ee4-2a32-4238-a01e-29d333a83391,70a0f190-8c20-40b5-8ac6-2052aac0cd81,2025-11-10 10:22:30.694+00,,,2025-11-10 10:22:30.981409+00
a88fdbaf-537b-4d11-9ece-871e0772bd6b,6f950bea-dffd-4c60-8648-6b643e84d277,2025-10-31 09:21:54.992+00,2025-10-31 09:35:36.07+00,821078,2025-10-31 09:35:36.359047+00
ae14946b-629e-4d59-a392-899a98ffea74,6d381a6c-8430-4f74-ad84-22bd364e1792,2025-10-24 18:21:49.293+00,,,2025-10-24 18:21:49.612741+00
ae55b462-0916-4fb5-b943-d198fc4fb81d,84dc1ce4-09c3-4798-9aa0-754802950e3f,2025-10-29 10:19:50.115+00,2025-10-29 10:23:42.415+00,232300,2025-10-29 10:23:42.744107+00
ae720c10-2770-4e1b-9566-1568cb186a36,965c5f1c-2039-4805-bd01-e3464c2c5d67,2025-10-31 19:39:37.596+00,2025-10-31 19:40:41.875+00,64279,2025-10-31 19:40:42.881873+00
aef78b83-4323-45e5-a9f8-aeb9ed74beac,c05abdb6-fc37-4db3-b9f7-3545399691f5,2025-10-26 15:36:53.972+00,,,2025-10-26 15:36:54.121558+00
af3c4103-170a-45ab-bea6-8258e15db3d4,e34ada43-6ec8-4416-b50f-abfc7b2ef170,2025-10-29 09:57:53.345+00,,,2025-10-29 09:57:53.489893+00
b020eb41-9571-4bb6-95fc-7b34decf3f7d,859dd8e7-596e-4f39-a09c-9f2a740dcce9,2025-10-24 11:06:50.461+00,,,2025-10-24 11:06:50.634215+00
b0753425-e2e4-4360-a7cd-866226614131,a02da735-7361-475e-ab5c-8c0ed8434e6e,2025-10-24 19:16:03.201+00,,,2025-10-24 19:16:03.368867+00
b2265dd5-14bb-4156-b794-8c429c0780f5,53064d35-2ae7-4a8d-b9c6-89edcf501359,2025-10-29 09:42:21.129+00,,,2025-10-29 09:42:21.309935+00
b25ff6f2-7bdd-4d21-b9f0-f14ead417ca0,9f4c7caa-258d-4cf8-9ca8-97fd6aa75adb,2025-10-24 21:13:54.094+00,,,2025-10-24 21:13:54.323568+00
b2a76607-38be-4e88-b445-7db328183475,1aa168b9-88f3-49f4-980d-e3bd77f22246,2025-10-29 09:54:44.062+00,,,2025-10-29 09:54:44.225844+00
b460faa1-3ebd-4d23-9e17-26ff8a0979e0,9c976e1e-9c97-485f-9466-d7044b3cb536,2025-11-09 06:46:04.603+00,,,2025-11-09 06:46:05.649405+00
b49bffc9-87bd-49e7-b8e0-63625b52fa25,a4b2a762-b616-4580-958d-1db1b8f44d8e,2025-10-29 10:11:38.734+00,2025-10-29 10:19:11.225+00,452491,2025-10-29 10:19:11.60287+00
b4f2a67e-dbc3-47f6-8cf2-346262f250e6,f5e6f1b0-b148-4360-b6c6-56123f358522,2025-11-09 11:30:35.346+00,2025-11-09 11:44:13.286+00,817940,2025-11-09 11:44:14.696704+00
b5d9c33b-c901-48ef-8321-594ab6139493,ac949d82-36b4-41ec-881b-29e6ba41e276,2025-11-10 20:27:18.869+00,,,2025-11-10 20:27:19.157525+00
b62ef03b-b52d-4e13-864b-7ac9796e6825,03b3038b-f948-4df4-9d03-d648671ddce8,2025-10-25 22:08:00.815+00,,,2025-10-25 22:08:01.406424+00
b6a7f3d0-4abe-4f50-8247-dc4b6232cd38,59195f36-6795-45a7-855f-33d6b65f6961,2025-10-29 09:54:09.528+00,,,2025-10-29 09:54:09.726887+00
b705f10f-2073-4a6e-94ad-062a83a2cd04,c20230fe-0272-445f-8e25-c2db6002de99,2025-11-08 23:33:06.019+00,,,2025-11-08 23:33:06.209536+00
b7c99bea-39fa-4f05-8f2c-e835adc2b749,e735e6de-c6c4-4eb8-96c1-1a1e77104d72,2025-11-10 20:27:19.387+00,2025-11-10 20:29:27.667+00,128280,2025-11-10 20:29:27.804686+00
b9225010-7616-4f41-abce-13244eb95c68,a3f22850-673d-4ebd-9257-739382c0df0f,2025-11-09 07:40:36.194+00,,,2025-11-09 07:40:36.350452+00
bb8f159c-b814-45d9-9afe-601b6f9655d1,5b9a4f40-37c0-4f96-a064-68b0b43dec40,2025-10-27 05:30:25.005+00,,,2025-10-27 05:30:26.176599+00
bc7720ed-c921-4f6d-b381-6d9f5471073d,f4af8644-ec61-47f0-b946-d706c1c802b1,2025-10-27 16:24:33.168+00,,,2025-10-27 16:24:33.433866+00
bddcf164-e4b0-4193-9fdb-93622f77b1f8,5616d1ae-0beb-4ccf-8165-8d2e0446c46a,2025-11-09 04:56:48.188+00,2025-11-09 05:00:23.447+00,215259,2025-11-09 05:00:23.588133+00
beb054f8-d46d-4042-ad6e-a9cb43974a9f,1b805e30-14b1-4020-a46e-e31206a8c846,2025-10-24 09:31:05.277+00,,,2025-10-24 09:31:06.993373+00
bfb39c6f-bb29-4248-847a-13b692be8a5f,ed6175c1-1a79-4e62-8c08-086d4003d715,2025-10-29 09:57:50.641+00,,,2025-10-29 09:57:50.788501+00
c0ec9207-f989-4df1-9914-6bf7af3dcee6,09e6255b-ed66-4eea-a314-104a08130ac0,2025-10-31 22:10:58.834+00,2025-10-31 22:18:19.43+00,440596,2025-10-31 22:18:19.588138+00
c3205f41-78a3-4825-9625-7fadf2784b68,9011e52c-69c5-4e69-8fee-0b124371e6da,2025-10-24 19:15:09.509+00,,,2025-10-24 19:15:09.736353+00
c34e41b0-7619-42df-aeba-8b1d78e1d2a9,861bf96c-d651-4073-b365-7b9326bed46b,2025-11-09 11:18:25.446+00,,,2025-11-09 11:18:25.647921+00
c50c7c71-39e1-4301-935a-304caa9a132a,52310d5e-4998-414c-896b-3751e9bfdf26,2025-10-27 16:39:59.514+00,,,2025-10-27 16:39:59.672653+00
c5219650-2984-4e01-8828-92043c4f458a,ecddf8ac-165d-4319-b873-900951741024,2025-10-29 09:56:28.983+00,,,2025-10-29 09:56:29.164365+00
c680bb1b-c6ba-41ed-86ce-164af184db96,2fe004ca-a69f-44a0-b41b-789be0efbc65,2025-10-26 15:25:20.064+00,,,2025-10-26 15:25:20.297036+00
c761e610-424a-4c42-beaf-74168160eeab,5d4b6296-98c8-416a-88c6-778717787946,2025-10-23 18:31:30.895+00,,,2025-10-23 18:31:31.155364+00
c7d9f92a-d178-4a0f-b41e-81fc6c31b054,572d72f9-69f0-452f-b8f4-6190ebb049f3,2025-11-09 11:41:25.542+00,,,2025-11-09 11:41:25.683996+00
c891e271-2edd-481c-a75e-36aa0f1996d0,abe1b85d-3fc9-4c16-8bc8-736600dbbbf4,2025-11-01 18:30:14.48+00,2025-11-01 18:33:25.861+00,191381,2025-11-01 18:33:26.046689+00
ca8b091a-0536-49cb-adbf-b2638f18dfa4,ddad83bc-79af-445d-8678-b3dae2036c34,2025-11-09 06:46:06.185+00,,,2025-11-09 06:46:07.104545+00
cebd4241-83f7-417e-bd8a-c1f8f682dfa3,3409f5be-93f2-44f4-8edb-910e95126257,2025-11-10 07:22:57.74+00,,,2025-11-10 07:22:57.994094+00
cf2b76c4-7750-4642-b847-da6b98d7fb97,1b805e30-14b1-4020-a46e-e31206a8c846,2025-10-24 09:31:04.543+00,,,2025-10-24 09:31:06.242046+00
d1656f73-2ef0-4b63-b4f0-3916e5326c2c,4a817424-a6d0-4029-b2d6-f9a1ee95db6a,2025-10-25 12:20:56.614+00,,,2025-10-25 12:20:56.942379+00
d356e345-2b37-488f-9883-6643b4c02ca9,d93d09fa-66e9-4149-bf0b-188c0c466fce,2025-10-26 13:38:05.89+00,2025-10-26 13:45:27.249+00,441359,2025-10-26 13:45:27.380613+00
d435e78c-1f81-4db5-b222-dafaad54286f,66b39dac-7437-45e0-aaf3-945e66aca6cb,2025-10-24 16:47:55.165+00,,,2025-10-24 16:47:55.352571+00
d58ab38d-6614-424c-9762-3ccc47c88853,c78792c8-f528-44d6-b30a-4f1c09ff66b0,2025-11-09 09:24:10.439+00,2025-11-09 09:26:48.891+00,158452,2025-11-09 09:26:49.07185+00
d59872a2-22a2-42f2-91da-5fe50f877602,bdba69c9-e97a-4414-bb6c-5d65ba2dba8e,2025-10-29 09:43:22.219+00,2025-10-29 09:45:32.984+00,130765,2025-10-29 09:45:33.170842+00
d6b52d5f-012d-4642-8958-ba370b9f1645,749fc4a3-e119-45b2-9566-9f94db61a02c,2025-10-24 16:28:32.091+00,2025-10-24 16:38:46.548+00,614457,2025-10-24 16:38:46.681703+00
d7c92707-3e0d-4fd0-85ea-d17f4cb67ac6,e8e70b08-3102-41a7-8442-712dbf743e31,2025-11-15 20:55:42.835+00,,,2025-11-15 20:55:43.103296+00
d80a256e-cb51-4300-b0d7-a22c525059fd,2acd1ebd-f24e-4972-8f19-d7626b86f71b,2025-11-10 03:59:08.957+00,,,2025-11-10 03:59:10.149167+00
d9f97b7e-25c8-452c-8284-97263c87ed24,3beee5db-499b-4741-b3ea-72c6f17ffb86,2025-10-24 08:47:58.199+00,2025-10-24 09:02:52.01+00,893811,2025-10-24 09:02:52.809048+00
da316164-5ab0-4636-bc57-646a0875a678,e98964ae-fbfd-42ee-9e6e-20b332d1a03d,2025-11-10 10:25:03.47+00,2025-11-10 10:29:48.79+00,285320,2025-11-10 10:29:48.917712+00
da4a8632-170e-44cb-a678-01f366a93b99,b64f74c1-f0b2-4cc4-8f56-3650aa9fa5ba,2025-11-13 10:20:04.277+00,,,2025-11-13 10:20:04.518035+00
da60c1fe-0e38-40e4-8f64-624fa3c24c35,5addaa61-1640-4204-b112-292aa59a9ae2,2025-11-09 11:09:31.863+00,2025-11-09 11:12:37.398+00,185535,2025-11-09 11:12:37.558575+00
db2e78bf-3a5c-4ef5-92fb-52c9737468c0,ace0e0c2-5c65-4de7-b47e-44beea72844a,2025-10-26 09:40:51.718+00,,,2025-10-26 09:40:52.390569+00
dba76d23-0343-4635-8724-dcc59a54315a,4a817424-a6d0-4029-b2d6-f9a1ee95db6a,2025-10-25 12:20:56.614+00,2025-10-25 12:22:36.49+00,99876,2025-10-25 12:22:36.710794+00
dcdc049c-552a-4870-9a23-bd53ddd4d427,8f71322f-e904-4f23-80ff-0d9d8268cca9,2025-11-01 18:52:18.341+00,2025-11-01 18:53:42.378+00,84037,2025-11-01 18:53:42.571565+00
de7f96de-4250-464c-8245-5e57add264bd,f888f80f-bed9-4621-b62e-d85d018ad6e0,2025-10-29 09:43:29.582+00,2025-10-29 09:45:48.003+00,138421,2025-10-29 09:45:48.099877+00
dec87de3-f8bb-4686-86c7-18695179da87,d9441a08-a4a9-4be5-bbd3-a76c64d2c3bd,2025-10-29 17:29:33.973+00,,,2025-10-29 17:29:34.279512+00
df61885f-ecff-40b1-9cc3-9622bda549cb,96fb9542-8d19-4aa2-b14c-0ac78d75e363,2025-11-15 20:59:32.366+00,2025-11-15 21:00:30.627+00,58261,2025-11-15 21:00:30.781532+00
dfcd0a6a-bd23-4173-8c8f-87a57d8af3d4,3f979a90-5660-4b87-837f-f4dd2068f8d3,2025-10-30 11:15:46.771+00,,,2025-10-30 11:15:47.143673+00
dfe7d7d4-980b-4059-877c-93333cfe22ca,d6092869-e9a5-4b33-919d-636fffa78398,2025-10-25 09:39:35.125+00,,,2025-10-25 09:39:35.472023+00
e01deb76-6ac8-4a9c-87ca-799b9a246ade,a6c51e96-f24d-4519-8317-4386ed27966a,2025-11-10 13:21:01.893+00,,,2025-11-10 13:21:02.285781+00
e027273c-0afd-44a8-9485-59209b614a78,b9447d8b-d49e-4394-aa36-9e76c4c141c5,2025-10-23 19:59:47.696+00,,,2025-10-23 19:59:47.904067+00
e122fcfe-5234-40a6-8227-6d219cf43995,887f2d30-0918-40a9-8210-55efb4c82d4b,2025-10-24 10:07:04.821+00,2025-10-24 10:10:48.737+00,223916,2025-10-24 10:10:49.618014+00
e3cc4d73-ed67-4479-aa21-13c6333d0da3,28812e6e-6c6d-4a43-9a1e-8899090c06f9,2025-10-24 13:36:05.069+00,,,2025-10-24 13:36:05.299139+00
e57fa712-ab15-40c0-a252-ab3664217cb9,248da696-aba9-4c14-9e83-b0d61a2e374c,2025-10-29 09:54:37.741+00,,,2025-10-29 09:54:37.888774+00
e62d1de8-95d2-4295-98e0-27bd964ca346,93081367-9d78-4f2e-a191-0b9bd3d846ce,2025-10-29 09:34:51.37+00,2025-10-29 09:38:02.061+00,190691,2025-10-29 09:38:02.353941+00
e7a0dd2d-9ea6-46cd-8474-0eb541f59db0,819b9a0d-1a04-421f-bc67-6629df6fe9d1,2025-11-09 14:33:01.423+00,,,2025-11-09 14:33:01.836302+00
e7a292a3-1913-48fe-88f2-16758ac24b1e,6ebbbfba-e9cf-43c3-ae8d-d4b1403e558a,2025-10-25 20:05:18.804+00,,,2025-10-25 20:05:19.027891+00
e894b671-56bf-4b83-aa3e-9076bdf07514,2d8dd1db-9d38-49e0-bf03-5b4735523d27,2025-10-29 09:52:50.793+00,2025-10-29 09:54:46.465+00,115672,2025-10-29 09:54:46.569185+00
e9365bba-b9f6-4cd0-91e7-fba3bbbed4e2,cf3618a7-68f2-404d-86b7-6070fd32f54d,2025-10-23 14:38:33.567+00,2025-10-23 14:42:57.166+00,263599,2025-10-23 14:42:57.705907+00
e955e348-b5dd-4924-94ee-9b01dfb883d7,6bcd4876-2968-4f4f-b911-115ef1247887,2025-11-02 11:05:31.872+00,,,2025-11-02 11:05:32.191223+00
ee8a77a6-eab4-4b9b-9e23-323acbcc6972,d6b9ed83-fd24-4816-90a5-d25d61a1048f,2025-11-10 13:21:02.754+00,,,2025-11-10 13:21:03.080355+00
ee9736df-7888-4440-bf77-1d15cda21d5e,847cef5d-5e01-40ea-b33b-c21db312423a,2025-11-08 23:37:32.403+00,,,2025-11-08 23:37:33.452909+00
f25be1e4-9510-4902-94fe-6e08b0087636,439a256d-36a2-48ed-8cbc-86af8999c20f,2025-10-28 17:42:35.478+00,,,2025-10-28 17:42:35.823057+00
f26125e2-bbfa-4c0c-b10f-5327e2648b91,4a1b69f7-99e6-4dbb-8fad-913f78b06fad,2025-10-24 16:53:51.983+00,,,2025-10-24 16:53:52.166622+00
f2b744af-8b4e-4352-8358-1236fa2e7180,80188f08-8c28-4ab9-878d-07eae49d8daa,2025-11-09 18:45:14.981+00,,,2025-11-09 18:45:16.603168+00
f3ac7bc3-a70b-4129-b487-9d3c454127b9,84dc1ce4-09c3-4798-9aa0-754802950e3f,2025-10-29 10:19:50.115+00,,,2025-10-29 10:19:50.559947+00
f53eaeec-a747-43b8-ab42-3445c8c21dcd,efc22545-107b-4000-ab5d-3df854058059,2025-10-24 21:40:22.576+00,,,2025-10-24 21:40:22.841407+00
f6199a4d-e414-42a9-8b01-d2b4507fb2b9,749fc4a3-e119-45b2-9566-9f94db61a02c,2025-10-24 16:28:32.091+00,,,2025-10-24 16:28:32.496512+00
f694fc2e-6fbc-40fe-95ff-ca05c2a0063f,c03cfb72-188d-4677-ab8d-eacd1ea933d7,2025-11-09 09:16:16.562+00,,,2025-11-09 09:16:17.102076+00
f6c266c9-f3c4-49a7-a30f-10ae5f829dbf,b7e0030e-cc74-453a-9186-ede34c614f1f,2025-11-09 20:04:06.942+00,,,2025-11-09 20:04:07.666802+00
f7551ef8-404b-42bb-8e43-a756e4ba4454,4dcc9b23-76a3-4f5f-a656-04aa5e6082d5,2025-11-10 14:02:34.18+00,,,2025-11-10 14:02:35.077409+00
f7e3e233-78f4-4cc3-b79f-15c4a1b7ac03,c0a15a96-9b84-4a72-aeb8-04914a6c89b6,2025-11-09 19:03:20.038+00,,,2025-11-09 19:03:20.55505+00
f81af035-ab7c-40f5-b689-213d67caa4d0,10011af3-ac90-42b3-9235-9668f35f39a0,2025-11-09 21:00:06.961+00,2025-11-09 21:01:13.665+00,66704,2025-11-09 21:01:13.863031+00
f84632d9-23d5-430d-8276-f5eb1a66d5a0,6f637ed5-c92f-4ab9-942a-b7e8b365e8e9,2025-10-24 12:20:46.609+00,,,2025-10-24 12:20:46.886498+00
fa9e459c-2884-4423-a648-6dac8f64c03d,d2ea6e4c-6df2-4f19-a585-ca72553ba3f6,2025-10-25 19:52:48.603+00,,,2025-10-25 19:52:48.836047+00
fcd4c9e0-2629-4d71-b6a2-1adfd9940a6f,38d37141-0e01-4401-9b70-9692953647a1,2025-11-07 15:12:19.09+00,,,2025-11-07 15:12:19.445854+00
fde285f3-d4aa-4b11-ae35-ae4c7eda7322,1f0df1be-a1ea-4080-90c3-230fe9e35174,2025-11-10 03:25:14.283+00,,,2025-11-10 03:25:15.173903+00
fe64d56a-00d9-4df4-9d4f-84e5b988902c,2e912156-c7b7-4268-8420-128a859c4876,2025-10-26 15:44:29.794+00,,,2025-10-26 15:44:29.965283+00
ff8bde0a-5b1d-42ea-804b-553cca7707d3,bdba69c9-e97a-4414-bb6c-5d65ba2dba8e,2025-10-29 09:43:22.219+00,,,2025-10-29 09:43:22.383132+00
ffce90d8-20a1-4153-947e-44236a0f9b2b,46cecb39-9314-46cc-96d1-cab8d848b582,2025-10-29 09:34:26.48+00,,,2025-10-29 09:34:26.641001+00
ffefe5ca-04db-4764-99b1-75319ae6fcae,a4b2a762-b616-4580-958d-1db1b8f44d8e,2025-10-29 10:11:38.734+00,,,2025-10-29 10:11:38.912991+00