session_id,path,max_scroll_pct,recorded_at
ae444d00-9295-437f-812b-f75240800327,/search-interface,100,2025-10-31 22:14:33.063+00
184fc96f-7551-4da8-b3a1-c5a071079f7c,/search-interface,45,2025-10-29 10:22:16.35+00
e7bda5fc-cfa3-4a62-b701-d12a2294b0c5,/search-interface,100,2025-10-24 14:22:01.481+00
7b797820-31ae-47ca-b092-0839034bb31f,/search-interface,9,2025-11-11 05:10:01.849+00
221af9d0-3577-41d0-b7fc-1b0eea1320eb,/search-interface,100,2025-10-24 17:09:37.946+00
d50935b6-a4a2-43a6-965e-c191c186e395,/search-interface,100,2025-10-25 09:44:34.386+00
2c30267d-d323-4573-b873-c9f8688a4a23,/search-interface,3,2025-11-09 11:12:03.067+00
1214eecf-5b2a-4675-9926-f06f9619dee8,/search-interface,5,2025-11-13 10:22:23.589+00
184fc96f-7551-4da8-b3a1-c5a071079f7c,/search-interface,100,2025-10-29 10:31:26.662+00
056ff148-78aa-4dff-b2cd-44bdc0d7b941,/search-interface,45,2025-11-09 09:25:54.899+00
aa6cab0e-94ff-4a90-84a1-8e7cfe2999f9,/search-interface,100,2025-10-24 16:36:26.32+00
0537d915-a4c7-48eb-944a-e385614ff80a,/search-interface,100,2025-10-26 15:45:39.412+00
49e71bfc-8848-46e8-88e3-7d076e7c0725,/search-interface,93,2025-10-24 19:14:38.21+00
cd1fb915-bf86-40d8-b7e5-0d13446bb8f4,/search-interface,36,2025-11-09 05:04:43.739+00
142c99e6-b479-40d7-967d-6774c5e77249,/search-interface,66,2025-10-24 10:11:17.032+00
ff1e4a22-4137-4886-b922-c92977c5c09f,/search-interface,100,2025-11-08 23:05:45.387+00
995e8474-332b-4d70-b441-7add2945b2d7,/search-interface,76,2025-11-09 11:44:15.445+00
70f1df52-337e-42af-9988-f3ff59b68a9c,/search-interface,100,2025-10-29 09:47:23.65+00
c9261d8c-912a-4dbe-a873-ab76c3987475,/search-interface,100,2025-10-24 09:02:53.696+00
a6f69c98-dc30-47ba-96db-ea22ed1cf6ec,/search-interface,100,2025-10-25 12:22:57.545+00
347c09f5-16b3-4334-a17d-3cb53e320b10,/search-interface,100,2025-10-29 16:31:59.755+00
e3db1fbf-257a-451c-b523-4d200edf7a82,/search-interface,100,2025-10-29 09:35:08.503+00
221af9d0-3577-41d0-b7fc-1b0eea1320eb,/search-interface,100,2025-10-24 17:09:01.731+00
b901116a-0f1c-4630-8e0e-5d1ff74c0cf7,/search-interface,100,2025-10-29 09:57:30.012+00
c6f5b4cd-17f7-4562-8467-ffc3da67c9fd,/search-interface,100,2025-11-10 20:29:28.344+00
cdc8aef5-3d93-4872-8289-4ab06f4304c8,/search-interface,100,2025-10-26 13:44:46.326+00
67f4e98d-22e3-4105-b784-0559446baf77,/search-interface,100,2025-10-24 19:20:14.118+00
e61528b9-0038-4b8a-acd1-599d024742fc,/search-interface,100,2025-10-29 09:39:33.995+00
375daeb6-fb58-4586-8ef1-0ff83eefe61d,/search-interface,100,2025-11-09 20:37:48.26+00
ae444d00-9295-437f-812b-f75240800327,/search-interface,100,2025-10-31 22:14:20.125+00
7b797820-31ae-47ca-b092-0839034bb31f,/search-interface,56,2025-11-11 05:11:13.381+00
aa6cab0e-94ff-4a90-84a1-8e7cfe2999f9,/search-interface,100,2025-10-24 16:39:16.865+00
0e8e7b12-38cc-4b44-ab83-1b9a954c7e46,/search-interface,100,2025-11-09 15:14:35.828+00
70f1df52-337e-42af-9988-f3ff59b68a9c,/search-interface,100,2025-10-29 09:45:42.873+00
ae444d00-9295-437f-812b-f75240800327,/search-interface,100,2025-10-31 22:17:22.519+00
ae444d00-9295-437f-812b-f75240800327,/search-interface,100,2025-10-31 22:17:24.747+00
320ed1be-301b-4901-9873-84e671256590,/search-interface,100,2025-10-29 09:56:29.443+00
e83b0f80-c600-43f7-9b9e-ab76b019ddb4,/search-interface,100,2025-11-10 15:24:08.134+00
347c09f5-16b3-4334-a17d-3cb53e320b10,/search-interface,100,2025-10-29 16:32:02.893+00
142c99e6-b479-40d7-967d-6774c5e77249,/search-interface,66,2025-10-24 10:11:32.255+00
cd1fb915-bf86-40d8-b7e5-0d13446bb8f4,/search-interface,100,2025-11-09 05:03:38.058+00
c9261d8c-912a-4dbe-a873-ab76c3987475,/search-interface,100,2025-10-24 09:01:58.296+00
49e71bfc-8848-46e8-88e3-7d076e7c0725,/search-interface,100,2025-10-24 19:18:47.217+00
221af9d0-3577-41d0-b7fc-1b0eea1320eb,/search-interface,100,2025-10-24 17:11:42.279+00
a1735e55-c060-4249-af04-fd133e4f213e,/search-interface,100,2025-11-15 21:00:21.056+00
0e8e7b12-38cc-4b44-ab83-1b9a954c7e46,/search-interface,100,2025-11-09 15:04:31.615+00
abc4ae0f-0e97-41c0-9b9f-3a7e22c2be66,/search-interface,100,2025-10-24 18:23:14.281+00
995e8474-332b-4d70-b441-7add2945b2d7,/search-interface,76,2025-11-09 11:39:46.713+00
87c041d3-9bd0-46fa-9ebe-390584750a08,/search-interface,28,2025-10-26 15:28:50.805+00
88d370e3-53bd-4d9c-8da7-1094456fbdef,/search-interface,48,2025-11-09 11:21:06.365+00
1509747a-3aef-41e4-970d-6967a48ec201,/search-interface,100,2025-11-01 18:34:17.969+00
b5b593ae-6715-4db5-b53b-85832d70d67e,/search-interface,43,2025-11-10 10:24:28.439+00
88d370e3-53bd-4d9c-8da7-1094456fbdef,/search-interface,68,2025-11-09 11:23:03.281+00
2df6d1d2-60fb-4e27-8877-bdd2ebf01465,/search-interface,100,2025-10-29 09:54:43.141+00
0a21e5d1-feab-4995-8095-ccaa084fcaa9,/search-interface,82,2025-10-24 11:56:39.962+00
ae444d00-9295-437f-812b-f75240800327,/search-interface,37,2025-10-31 22:13:25.357+00
cc4fc9e4-953a-429f-a5c3-66a944641e71,/search-interface,100,2025-10-29 09:39:19.527+00
101fe5fb-a9a7-4bd4-a924-aadde79dd94d,/search-interface,100,2025-10-29 09:57:11.671+00
ae444d00-9295-437f-812b-f75240800327,/search-interface,100,2025-10-31 22:18:19.787+00
70f1df52-337e-42af-9988-f3ff59b68a9c,/search-interface,100,2025-10-29 09:45:44.946+00
c6f5b4cd-17f7-4562-8467-ffc3da67c9fd,/search-interface,100,2025-11-10 20:30:06.163+00
d50935b6-a4a2-43a6-965e-c191c186e395,/search-interface,100,2025-10-25 09:45:45.433+00
a6f69c98-dc30-47ba-96db-ea22ed1cf6ec,/search-interface,100,2025-10-25 12:23:20.904+00
142c99e6-b479-40d7-967d-6774c5e77249,/search-interface,66,2025-10-24 10:12:03.307+00
2db5682f-2a12-4b10-8efe-1818d2a14ce2,/search-interface,100,2025-10-29 09:59:19.506+00
88d370e3-53bd-4d9c-8da7-1094456fbdef,/search-interface,19,2025-11-09 11:25:51.723+00
abc4ae0f-0e97-41c0-9b9f-3a7e22c2be66,/search-interface,100,2025-10-24 18:26:21.891+00
cdc8aef5-3d93-4872-8289-4ab06f4304c8,/search-interface,100,2025-10-26 13:45:14.321+00
c6f5b4cd-17f7-4562-8467-ffc3da67c9fd,/search-interface,100,2025-11-10 20:30:06.152+00
b901116a-0f1c-4630-8e0e-5d1ff74c0cf7,/search-interface,100,2025-10-29 09:52:38.98+00
b8913630-a961-4434-9ab1-000fd69f471b,/search-interface,100,2025-10-31 21:14:42.711+00
dad2f8d2-07a9-4866-a454-46814ef51ea2,/search-interface,100,2025-10-25 10:20:10.949+00
cdc8aef5-3d93-4872-8289-4ab06f4304c8,/search-interface,100,2025-10-26 13:42:26.636+00
0e8e7b12-38cc-4b44-ab83-1b9a954c7e46,/search-interface,100,2025-11-09 15:01:59.144+00
31f98ce4-e145-4dea-ba26-58b5023dbe38,/search-interface,100,2025-10-25 20:00:30.933+00
1214eecf-5b2a-4675-9926-f06f9619dee8,/search-interface,27,2025-11-13 10:24:20.981+00
6b9d53a0-7f89-4214-a621-6cc252f6f61b,/search-interface,100,2025-11-09 14:39:40.569+00
90b93968-e613-4f26-a83b-9ef7e7850f70,/search-interface,100,2025-10-29 09:53:19.649+00
b5b593ae-6715-4db5-b53b-85832d70d67e,/search-interface,22,2025-11-10 10:24:21.877+00
1214eecf-5b2a-4675-9926-f06f9619dee8,/search-interface,53,2025-11-13 10:27:55.287+00
42d9ad17-647d-4b98-a68e-c155b967a64a,/search-interface,100,2025-10-25 12:43:29.937+00
88d370e3-53bd-4d9c-8da7-1094456fbdef,/search-interface,68,2025-11-09 11:29:25.949+00
cdc8aef5-3d93-4872-8289-4ab06f4304c8,/search-interface,100,2025-10-26 13:51:50.416+00
e7bda5fc-cfa3-4a62-b701-d12a2294b0c5,/search-interface,100,2025-10-24 14:26:25.121+00
e3db1fbf-257a-451c-b523-4d200edf7a82,/search-interface,100,2025-10-29 09:35:13.273+00
0a21e5d1-feab-4995-8095-ccaa084fcaa9,/search-interface,100,2025-10-24 11:53:54.882+00
67f4e98d-22e3-4105-b784-0559446baf77,/search-interface,100,2025-10-24 19:21:35.571+00
ffe36aa7-f7dd-42b4-9a65-f37b54e2802c,/search-interface,100,2025-11-09 18:56:13.764+00
b901116a-0f1c-4630-8e0e-5d1ff74c0cf7,/search-interface,100,2025-10-29 09:57:29.963+00
c829958a-0236-4152-9013-31f07b9381d2,/search-interface,100,2025-10-31 09:29:15.76+00
0a21e5d1-feab-4995-8095-ccaa084fcaa9,/search-interface,100,2025-10-24 11:55:09.561+00
dc6df264-b00b-4e6b-b195-b5d2ead64eb5,/search-interface,15,2025-11-10 13:23:29.863+00
2c30267d-d323-4573-b873-c9f8688a4a23,/search-interface,3,2025-11-09 11:12:02.933+00
b901116a-0f1c-4630-8e0e-5d1ff74c0cf7,/search-interface,100,2025-10-29 09:54:21.192+00
21821039-baef-4c67-94ea-4099060a4805,/search-interface,100,2025-10-25 18:13:49.758+00
cd1fb915-bf86-40d8-b7e5-0d13446bb8f4,/search-interface,100,2025-11-09 05:03:26.782+00
0e8e7b12-38cc-4b44-ab83-1b9a954c7e46,/search-interface,58,2025-11-09 15:15:26.356+00
2df6d1d2-60fb-4e27-8877-bdd2ebf01465,/search-interface,100,2025-10-29 09:55:59.566+00
cdc8aef5-3d93-4872-8289-4ab06f4304c8,/search-interface,100,2025-10-26 13:41:53.207+00
c829958a-0236-4152-9013-31f07b9381d2,/search-interface,100,2025-10-31 09:33:45.169+00
0a21e5d1-feab-4995-8095-ccaa084fcaa9,/search-interface,100,2025-10-24 11:55:02.174+00
ae444d00-9295-437f-812b-f75240800327,/search-interface,100,2025-10-31 22:16:36.456+00
b901116a-0f1c-4630-8e0e-5d1ff74c0cf7,/search-interface,100,2025-10-29 09:55:35.921+00
cdc8aef5-3d93-4872-8289-4ab06f4304c8,/search-interface,100,2025-10-26 13:45:27.896+00
88d370e3-53bd-4d9c-8da7-1094456fbdef,/search-interface,68,2025-11-09 11:21:07.93+00
e67193b2-2d1f-4a58-a1c1-da8def446287,/search-interface,100,2025-11-10 07:25:40.714+00
0e8e7b12-38cc-4b44-ab83-1b9a954c7e46,/search-interface,100,2025-11-09 14:59:37.333+00
e61528b9-0038-4b8a-acd1-599d024742fc,/search-interface,100,2025-10-29 09:39:48.583+00
c22aec2c-57bc-4c71-b69a-31a30334b3c0,/search-interface,100,2025-10-29 09:41:51.572+00
0a21e5d1-feab-4995-8095-ccaa084fcaa9,/search-interface,100,2025-10-24 11:55:13.657+00
8916a6a1-9694-4444-925c-c135568fbfb2,/search-interface,100,2025-10-27 16:27:01.849+00
e7bda5fc-cfa3-4a62-b701-d12a2294b0c5,/search-interface,100,2025-10-24 14:26:37.947+00
87c041d3-9bd0-46fa-9ebe-390584750a08,/search-interface,28,2025-10-26 15:28:46.583+00
c22aec2c-57bc-4c71-b69a-31a30334b3c0,/search-interface,100,2025-10-29 09:38:47.348+00
21821039-baef-4c67-94ea-4099060a4805,/search-interface,21,2025-10-25 18:16:28.48+00
0e8e7b12-38cc-4b44-ab83-1b9a954c7e46,/search-interface,100,2025-11-09 15:04:43.558+00
c9261d8c-912a-4dbe-a873-ab76c3987475,/search-interface,100,2025-10-24 09:14:44.746+00
b901116a-0f1c-4630-8e0e-5d1ff74c0cf7,/search-interface,100,2025-10-29 09:55:22.55+00
cdc8aef5-3d93-4872-8289-4ab06f4304c8,/search-interface,100,2025-10-26 13:46:30.992+00
b901116a-0f1c-4630-8e0e-5d1ff74c0cf7,/search-interface,100,2025-10-29 09:57:29.953+00
89d44738-21e8-47d9-b12d-1727f43881ce,/search-interface,69,2025-10-29 10:01:12.361+00
c829958a-0236-4152-9013-31f07b9381d2,/search-interface,100,2025-10-31 09:26:50.586+00
ae444d00-9295-437f-812b-f75240800327,/search-interface,100,2025-10-31 22:16:50.049+00
7b797820-31ae-47ca-b092-0839034bb31f,/search-interface,28,2025-11-11 05:10:44.812+00
6b9d53a0-7f89-4214-a621-6cc252f6f61b,/search-interface,8,2025-11-09 14:35:27.158+00
b901116a-0f1c-4630-8e0e-5d1ff74c0cf7,/search-interface,100,2025-10-29 09:51:43.041+00
ae444d00-9295-437f-812b-f75240800327,/search-interface,37,2025-10-31 22:13:30.422+00
49e71bfc-8848-46e8-88e3-7d076e7c0725,/search-interface,100,2025-10-24 19:13:55.622+00
a709117c-1d94-4376-8397-124eae2e9e85,/search-interface,100,2025-10-29 09:58:27.07+00
056ff148-78aa-4dff-b2cd-44bdc0d7b941,/search-interface,45,2025-11-09 09:21:08.095+00
a6f69c98-dc30-47ba-96db-ea22ed1cf6ec,/search-interface,100,2025-10-25 12:23:17.202+00
a1735e55-c060-4249-af04-fd133e4f213e,/search-interface,100,2025-11-15 21:00:31.105+00
b901116a-0f1c-4630-8e0e-5d1ff74c0cf7,/search-interface,100,2025-10-29 09:54:21.152+00
056ff148-78aa-4dff-b2cd-44bdc0d7b941,/search-interface,45,2025-11-09 09:19:22.821+00
827abfd9-154b-4b5f-86b9-a3a51525af0b,/search-interface,100,2025-10-24 11:11:13.544+00
995e8474-332b-4d70-b441-7add2945b2d7,/search-interface,100,2025-11-09 11:45:32.519+00
c9261d8c-912a-4dbe-a873-ab76c3987475,/search-interface,100,2025-10-24 09:03:29.648+00
6b9d53a0-7f89-4214-a621-6cc252f6f61b,/search-interface,21,2025-11-09 14:35:54.514+00
ffe36aa7-f7dd-42b4-9a65-f37b54e2802c,/search-interface,100,2025-11-09 18:47:41.022+00
375daeb6-fb58-4586-8ef1-0ff83eefe61d,/search-interface,100,2025-11-09 20:37:47.055+00
7b797820-31ae-47ca-b092-0839034bb31f,/search-interface,74,2025-11-11 05:52:07.993+00
c6f5b4cd-17f7-4562-8467-ffc3da67c9fd,/search-interface,100,2025-11-10 20:30:56.031+00
b901116a-0f1c-4630-8e0e-5d1ff74c0cf7,/search-interface,100,2025-10-29 09:53:06.291+00
7b797820-31ae-47ca-b092-0839034bb31f,/search-interface,9,2025-11-11 05:16:56.648+00
21821039-baef-4c67-94ea-4099060a4805,/search-interface,70,2025-10-25 18:19:35.683+00
995e8474-332b-4d70-b441-7add2945b2d7,/search-interface,100,2025-11-09 11:44:50.543+00
aa6cab0e-94ff-4a90-84a1-8e7cfe2999f9,/search-interface,100,2025-10-24 16:47:49.694+00
e83b0f80-c600-43f7-9b9e-ab76b019ddb4,/search-interface,100,2025-11-10 15:27:34.057+00
fa873ae7-c1e1-4da4-ad34-79437bf9ef2b,/search-interface,41,2025-11-09 22:00:37.522+00
0e8e7b12-38cc-4b44-ab83-1b9a954c7e46,/search-interface,100,2025-11-09 15:04:45.797+00
cd1fb915-bf86-40d8-b7e5-0d13446bb8f4,/search-interface,36,2025-11-09 04:59:22.008+00
49e71bfc-8848-46e8-88e3-7d076e7c0725,/search-interface,100,2025-10-24 19:15:37.837+00
88d370e3-53bd-4d9c-8da7-1094456fbdef,/search-interface,19,2025-11-09 11:29:23.079+00
67f4e98d-22e3-4105-b784-0559446baf77,/search-interface,100,2025-10-24 19:20:14.131+00
e7bda5fc-cfa3-4a62-b701-d12a2294b0c5,/search-interface,100,2025-10-24 14:22:36.038+00
0e8e7b12-38cc-4b44-ab83-1b9a954c7e46,/search-interface,58,2025-11-09 15:30:42.337+00
87c041d3-9bd0-46fa-9ebe-390584750a08,/search-interface,28,2025-10-26 15:29:02.882+00
21821039-baef-4c67-94ea-4099060a4805,/search-interface,21,2025-10-25 18:15:49.282+00
ae444d00-9295-437f-812b-f75240800327,/search-interface,100,2025-10-31 22:14:39.542+00
b901116a-0f1c-4630-8e0e-5d1ff74c0cf7,/search-interface,100,2025-10-29 09:54:19.95+00
a6f69c98-dc30-47ba-96db-ea22ed1cf6ec,/search-interface,100,2025-10-25 12:24:19.896+00
142c99e6-b479-40d7-967d-6774c5e77249,/search-interface,66,2025-10-24 10:10:34.334+00
cd1fb915-bf86-40d8-b7e5-0d13446bb8f4,/search-interface,36,2025-11-09 05:08:34.309+00
c22aec2c-57bc-4c71-b69a-31a30334b3c0,/search-interface,100,2025-10-29 09:39:08.263+00
1214eecf-5b2a-4675-9926-f06f9619dee8,/search-interface,53,2025-11-13 10:26:14.322+00
c22aec2c-57bc-4c71-b69a-31a30334b3c0,/search-interface,100,2025-10-29 09:39:07.014+00
e7bda5fc-cfa3-4a62-b701-d12a2294b0c5,/search-interface,100,2025-10-24 14:25:21.351+00
fa873ae7-c1e1-4da4-ad34-79437bf9ef2b,/search-interface,41,2025-11-09 22:00:06.831+00
2c30267d-d323-4573-b873-c9f8688a4a23,/search-interface,6,2025-11-09 11:14:24.291+00
49e71bfc-8848-46e8-88e3-7d076e7c0725,/search-interface,100,2025-10-24 19:14:39.632+00
c22aec2c-57bc-4c71-b69a-31a30334b3c0,/search-interface,100,2025-10-29 09:38:46.461+00
cc4fc9e4-953a-429f-a5c3-66a944641e71,/search-interface,100,2025-10-29 09:38:30.416+00
0e8e7b12-38cc-4b44-ab83-1b9a954c7e46,/search-interface,100,2025-11-09 15:01:06.723+00
b901116a-0f1c-4630-8e0e-5d1ff74c0cf7,/search-interface,100,2025-10-29 09:54:02.204+00
184fc96f-7551-4da8-b3a1-c5a071079f7c,/search-interface,100,2025-10-29 10:25:52.722+00
165f4f73-dd89-4505-924f-830e65bfdbc9,/search-interface,100,2025-10-29 10:20:10.24+00
221af9d0-3577-41d0-b7fc-1b0eea1320eb,/search-interface,100,2025-10-24 17:11:42.279+00
dc6df264-b00b-4e6b-b195-b5d2ead64eb5,/search-interface,5,2025-11-10 13:22:44.486+00
184fc96f-7551-4da8-b3a1-c5a071079f7c,/search-interface,45,2025-10-29 10:22:13.925+00
995e8474-332b-4d70-b441-7add2945b2d7,/search-interface,100,2025-11-09 11:46:06.109+00
8916a6a1-9694-4444-925c-c135568fbfb2,/search-interface,100,2025-10-27 16:27:03.878+00
1214eecf-5b2a-4675-9926-f06f9619dee8,/search-interface,53,2025-11-13 10:25:38.375+00
cdc8aef5-3d93-4872-8289-4ab06f4304c8,/search-interface,100,2025-10-26 13:39:48.458+00
fa873ae7-c1e1-4da4-ad34-79437bf9ef2b,/search-interface,41,2025-11-09 22:00:41.957+00
0e8e7b12-38cc-4b44-ab83-1b9a954c7e46,/search-interface,100,2025-11-09 14:59:41.171+00
ee0ab688-faa8-48d0-8e33-6cf24a33f5af,/search-interface,100,2025-11-07 15:15:19.849+00
c9261d8c-912a-4dbe-a873-ab76c3987475,/search-interface,100,2025-10-24 09:01:58.238+00
cdc8aef5-3d93-4872-8289-4ab06f4304c8,/search-interface,100,2025-10-26 13:46:49.673+00
b901116a-0f1c-4630-8e0e-5d1ff74c0cf7,/search-interface,100,2025-10-29 09:52:52.195+00
1214eecf-5b2a-4675-9926-f06f9619dee8,/search-interface,53,2025-11-13 10:26:05.325+00
fc10e9ac-bf85-42e0-997d-df36712e059a,/search-interface,100,2025-10-23 18:36:09.291+00
1214eecf-5b2a-4675-9926-f06f9619dee8,/search-interface,58,2025-11-13 10:28:12.189+00
cd1fb915-bf86-40d8-b7e5-0d13446bb8f4,/search-interface,36,2025-11-09 04:59:27.295+00
891f2d69-681a-45b2-80b2-8bf4066caab9,/search-interface,3,2025-10-29 08:47:47.391+00
ae444d00-9295-437f-812b-f75240800327,/search-interface,100,2025-10-31 22:17:06.197+00
dc6df264-b00b-4e6b-b195-b5d2ead64eb5,/search-interface,15,2025-11-10 13:22:58.288+00
79dad0d9-3c9c-431f-80cd-71bafdf8ee14,/search-interface,54,2025-11-08 23:34:28.808+00
ae444d00-9295-437f-812b-f75240800327,/search-interface,100,2025-10-31 22:22:33.557+00
e008edb8-e4d7-4e49-a8fd-2b72958fec02,/search-interface,12,2025-11-10 03:27:40.422+00
c22aec2c-57bc-4c71-b69a-31a30334b3c0,/search-interface,100,2025-10-29 09:38:02.564+00
827abfd9-154b-4b5f-86b9-a3a51525af0b,/search-interface,100,2025-10-24 11:09:34.501+00
a1735e55-c060-4249-af04-fd133e4f213e,/search-interface,100,2025-11-15 21:00:30.278+00
21821039-baef-4c67-94ea-4099060a4805,/search-interface,100,2025-10-25 18:22:07.038+00
b901116a-0f1c-4630-8e0e-5d1ff74c0cf7,/search-interface,100,2025-10-29 09:53:52.208+00
d50935b6-a4a2-43a6-965e-c191c186e395,/search-interface,100,2025-10-25 09:44:04.088+00
49e71bfc-8848-46e8-88e3-7d076e7c0725,/search-interface,100,2025-10-24 19:15:37.321+00
cdc8aef5-3d93-4872-8289-4ab06f4304c8,/search-interface,100,2025-10-26 13:41:49.414+00
aa6cab0e-94ff-4a90-84a1-8e7cfe2999f9,/search-interface,99,2025-10-24 16:36:20.216+00
e61528b9-0038-4b8a-acd1-599d024742fc,/search-interface,100,2025-10-29 10:00:35.998+00
a6f69c98-dc30-47ba-96db-ea22ed1cf6ec,/search-interface,100,2025-10-25 12:23:33.918+00
827abfd9-154b-4b5f-86b9-a3a51525af0b,/search-interface,100,2025-10-24 11:09:34.528+00
fc10e9ac-bf85-42e0-997d-df36712e059a,/search-interface,17,2025-10-23 18:33:29.199+00
ae444d00-9295-437f-812b-f75240800327,/search-interface,79,2025-10-31 22:14:14.01+00
dad2f8d2-07a9-4866-a454-46814ef51ea2,/search-interface,100,2025-10-25 10:20:41.389+00
ae444d00-9295-437f-812b-f75240800327,/search-interface,37,2025-10-31 22:13:09.893+00
dc6df264-b00b-4e6b-b195-b5d2ead64eb5,/search-interface,15,2025-11-10 13:23:46.583+00
21821039-baef-4c67-94ea-4099060a4805,/search-interface,33,2025-10-25 18:21:48.513+00
ae444d00-9295-437f-812b-f75240800327,/search-interface,100,2025-10-31 22:18:39.039+00
0e8e7b12-38cc-4b44-ab83-1b9a954c7e46,/search-interface,58,2025-11-09 15:01:59.153+00
1214eecf-5b2a-4675-9926-f06f9619dee8,/search-interface,58,2025-11-13 10:28:07.457+00
320ed1be-301b-4901-9873-84e671256590,/search-interface,100,2025-10-29 09:56:36.434+00
827abfd9-154b-4b5f-86b9-a3a51525af0b,/search-interface,100,2025-10-24 11:09:56.225+00
995e8474-332b-4d70-b441-7add2945b2d7,/search-interface,76,2025-11-09 11:45:49.594+00
fc10e9ac-bf85-42e0-997d-df36712e059a,/search-interface,100,2025-10-23 18:34:54.677+00
1214eecf-5b2a-4675-9926-f06f9619dee8,/search-interface,58,2025-11-13 10:28:22.6+00
bd78ca90-05e2-4743-bc15-d82f814f1f2e,/search-interface,89,2025-10-24 16:48:44.423+00
056ff148-78aa-4dff-b2cd-44bdc0d7b941,/search-interface,45,2025-11-09 09:19:04.243+00
dad2f8d2-07a9-4866-a454-46814ef51ea2,/search-interface,100,2025-10-25 10:20:09.562+00
e83b0f80-c600-43f7-9b9e-ab76b019ddb4,/search-interface,100,2025-11-10 15:25:46.495+00
0a21e5d1-feab-4995-8095-ccaa084fcaa9,/search-interface,100,2025-10-24 11:57:12.154+00
88d370e3-53bd-4d9c-8da7-1094456fbdef,/search-interface,19,2025-11-09 11:26:49.137+00
cd1fb915-bf86-40d8-b7e5-0d13446bb8f4,/search-interface,36,2025-11-09 05:00:24.083+00
cdc8aef5-3d93-4872-8289-4ab06f4304c8,/search-interface,100,2025-10-26 13:51:40.159+00
88d370e3-53bd-4d9c-8da7-1094456fbdef,/search-interface,19,2025-11-09 11:26:56.05+00
88d370e3-53bd-4d9c-8da7-1094456fbdef,/search-interface,28,2025-11-09 11:20:32.428+00
6b9d53a0-7f89-4214-a621-6cc252f6f61b,/search-interface,30,2025-11-09 14:36:15.572+00
cdc8aef5-3d93-4872-8289-4ab06f4304c8,/search-interface,100,2025-10-26 13:41:54.619+00
1509747a-3aef-41e4-970d-6967a48ec201,/search-interface,100,2025-11-01 18:34:29.415+00
89d44738-21e8-47d9-b12d-1727f43881ce,/search-interface,69,2025-10-29 10:02:04.324+00
0e8e7b12-38cc-4b44-ab83-1b9a954c7e46,/search-interface,100,2025-11-09 15:15:04.233+00
0a21e5d1-feab-4995-8095-ccaa084fcaa9,/search-interface,100,2025-10-24 11:54:55.34+00
1214eecf-5b2a-4675-9926-f06f9619dee8,/search-interface,58,2025-11-13 10:30:03.373+00
0e8e7b12-38cc-4b44-ab83-1b9a954c7e46,/search-interface,58,2025-11-09 15:31:04.979+00
ff1e4a22-4137-4886-b922-c92977c5c09f,/search-interface,100,2025-11-08 23:06:08.058+00
0e8e7b12-38cc-4b44-ab83-1b9a954c7e46,/search-interface,100,2025-11-09 15:15:12.724+00
8916a6a1-9694-4444-925c-c135568fbfb2,/search-interface,100,2025-10-27 16:27:39.39+00
90b93968-e613-4f26-a83b-9ef7e7850f70,/search-interface,100,2025-10-29 09:52:44.805+00
88d370e3-53bd-4d9c-8da7-1094456fbdef,/search-interface,68,2025-11-09 11:26:55.987+00
0e8e7b12-38cc-4b44-ab83-1b9a954c7e46,/search-interface,100,2025-11-09 15:27:13.483+00
0a21e5d1-feab-4995-8095-ccaa084fcaa9,/search-interface,100,2025-10-24 11:56:43.766+00
67f4e98d-22e3-4105-b784-0559446baf77,/search-interface,100,2025-10-24 19:17:34.095+00
e7bda5fc-cfa3-4a62-b701-d12a2294b0c5,/search-interface,100,2025-10-24 14:26:07.665+00
056ff148-78aa-4dff-b2cd-44bdc0d7b941,/search-interface,45,2025-11-09 09:19:15.762+00
aa6cab0e-94ff-4a90-84a1-8e7cfe2999f9,/search-interface,100,2025-10-26 10:21:19.502+00
49e71bfc-8848-46e8-88e3-7d076e7c0725,/search-interface,100,2025-10-24 19:15:05.983+00
6178e6de-2050-4f50-ae95-d3781ebce98e,/search-interface,100,2025-10-29 14:06:35.525+00
6178e6de-2050-4f50-ae95-d3781ebce98e,/search-interface,100,2025-10-29 14:08:21.217+00
21821039-baef-4c67-94ea-4099060a4805,/search-interface,70,2025-10-25 18:22:07.024+00
142c99e6-b479-40d7-967d-6774c5e77249,/search-interface,66,2025-10-24 10:10:50.405+00
0a21e5d1-feab-4995-8095-ccaa084fcaa9,/search-interface,93,2025-10-24 11:56:43.73+00
c22aec2c-57bc-4c71-b69a-31a30334b3c0,/search-interface,100,2025-10-29 09:39:04.397+00
21821039-baef-4c67-94ea-4099060a4805,/search-interface,100,2025-10-25 18:13:48.566+00
0e8e7b12-38cc-4b44-ab83-1b9a954c7e46,/search-interface,100,2025-11-09 15:00:25.081+00
c22aec2c-57bc-4c71-b69a-31a30334b3c0,/search-interface,100,2025-10-29 09:41:51.568+00
7b797820-31ae-47ca-b092-0839034bb31f,/search-interface,56,2025-11-11 05:11:11.299+00
fc10e9ac-bf85-42e0-997d-df36712e059a,/search-interface,17,2025-10-23 18:33:30.385+00
a709117c-1d94-4376-8397-124eae2e9e85,/search-interface,100,2025-10-29 09:55:57.456+00
bd78ca90-05e2-4743-bc15-d82f814f1f2e,/search-interface,89,2025-10-24 16:48:42.41+00
2c30267d-d323-4573-b873-c9f8688a4a23,/search-interface,6,2025-11-09 11:12:25.436+00
31f98ce4-e145-4dea-ba26-58b5023dbe38,/search-interface,100,2025-10-25 19:58:27.308+00
89d44738-21e8-47d9-b12d-1727f43881ce,/search-interface,69,2025-10-29 10:01:12.487+00
21821039-baef-4c67-94ea-4099060a4805,/search-interface,16,2025-10-25 18:13:37.338+00
b901116a-0f1c-4630-8e0e-5d1ff74c0cf7,/search-interface,100,2025-10-29 09:55:22.569+00
57f27a1d-4cc8-4f52-979b-57cf63e1a438,/search-interface,100,2025-11-09 09:57:52.557+00
cd1fb915-bf86-40d8-b7e5-0d13446bb8f4,/search-interface,100,2025-11-09 05:08:34.274+00
cdc8aef5-3d93-4872-8289-4ab06f4304c8,/search-interface,100,2025-10-26 13:43:25.995+00
e008edb8-e4d7-4e49-a8fd-2b72958fec02,/search-interface,12,2025-11-10 03:27:07.414+00
165f4f73-dd89-4505-924f-830e65bfdbc9,/search-interface,100,2025-10-29 10:19:11.883+00
e7bda5fc-cfa3-4a62-b701-d12a2294b0c5,/search-interface,100,2025-10-24 14:22:26.898+00
49e71bfc-8848-46e8-88e3-7d076e7c0725,/search-interface,100,2025-10-24 19:17:48.741+00
87c041d3-9bd0-46fa-9ebe-390584750a08,/search-interface,66,2025-10-26 15:29:16.646+00
21821039-baef-4c67-94ea-4099060a4805,/search-interface,70,2025-10-25 18:19:12.108+00
1214eecf-5b2a-4675-9926-f06f9619dee8,/search-interface,58,2025-11-13 10:28:35.302+00
c829958a-0236-4152-9013-31f07b9381d2,/search-interface,100,2025-10-31 09:35:36.778+00
b901116a-0f1c-4630-8e0e-5d1ff74c0cf7,/search-interface,100,2025-10-29 09:55:22.606+00
0e8e7b12-38cc-4b44-ab83-1b9a954c7e46,/search-interface,58,2025-11-09 15:30:28.937+00
67f4e98d-22e3-4105-b784-0559446baf77,/search-interface,100,2025-10-24 19:19:42.042+00
49e71bfc-8848-46e8-88e3-7d076e7c0725,/search-interface,100,2025-10-24 19:13:58.904+00
827abfd9-154b-4b5f-86b9-a3a51525af0b,/search-interface,100,2025-10-24 11:11:13.617+00
0e8e7b12-38cc-4b44-ab83-1b9a954c7e46,/search-interface,58,2025-11-09 14:58:38.895+00
e61528b9-0038-4b8a-acd1-599d024742fc,/search-interface,100,2025-10-29 09:36:30.902+00
ff1e4a22-4137-4886-b922-c92977c5c09f,/search-interface,100,2025-11-08 23:05:54.653+00
c829958a-0236-4152-9013-31f07b9381d2,/search-interface,100,2025-10-31 09:39:59.471+00
7b797820-31ae-47ca-b092-0839034bb31f,/search-interface,9,2025-11-11 05:52:07.864+00
f81ea16d-e928-42f3-a682-8f4b09f69de4,/search-interface,100,2025-10-27 16:41:15.331+00
e7bda5fc-cfa3-4a62-b701-d12a2294b0c5,/search-interface,100,2025-10-24 14:22:10.981+00
995e8474-332b-4d70-b441-7add2945b2d7,/search-interface,76,2025-11-09 11:44:26.834+00
21821039-baef-4c67-94ea-4099060a4805,/search-interface,100,2025-10-25 18:16:28.488+00
827abfd9-154b-4b5f-86b9-a3a51525af0b,/search-interface,100,2025-10-24 11:11:10.433+00
21821039-baef-4c67-94ea-4099060a4805,/search-interface,100,2025-10-25 18:15:49.354+00
995e8474-332b-4d70-b441-7add2945b2d7,/search-interface,100,2025-11-09 11:54:03.709+00
ae444d00-9295-437f-812b-f75240800327,/search-interface,100,2025-10-31 22:18:17.565+00
0e8e7b12-38cc-4b44-ab83-1b9a954c7e46,/search-interface,100,2025-11-09 15:02:23.915+00
49e71bfc-8848-46e8-88e3-7d076e7c0725,/search-interface,100,2025-10-24 19:14:15.459+00
0e8e7b12-38cc-4b44-ab83-1b9a954c7e46,/search-interface,100,2025-11-09 15:30:28.926+00
e7bda5fc-cfa3-4a62-b701-d12a2294b0c5,/search-interface,100,2025-10-24 14:24:48.595+00
cdc8aef5-3d93-4872-8289-4ab06f4304c8,/search-interface,100,2025-10-26 13:52:38.837+00
a6f69c98-dc30-47ba-96db-ea22ed1cf6ec,/search-interface,100,2025-10-25 12:22:31.39+00
fc10e9ac-bf85-42e0-997d-df36712e059a,/search-interface,22,2025-10-23 18:33:43.178+00
b901116a-0f1c-4630-8e0e-5d1ff74c0cf7,/search-interface,100,2025-10-29 10:09:18.481+00
49e71bfc-8848-46e8-88e3-7d076e7c0725,/search-interface,100,2025-10-24 19:14:19.907+00
0e8e7b12-38cc-4b44-ab83-1b9a954c7e46,/search-interface,58,2025-11-09 15:00:37.843+00
21821039-baef-4c67-94ea-4099060a4805,/search-interface,43,2025-10-25 18:14:36.835+00
7b797820-31ae-47ca-b092-0839034bb31f,/search-interface,74,2025-11-11 05:12:23.301+00
79dad0d9-3c9c-431f-80cd-71bafdf8ee14,/search-interface,100,2025-11-08 23:46:10.513+00
e61528b9-0038-4b8a-acd1-599d024742fc,/search-interface,100,2025-10-29 09:35:56.193+00
0a21e5d1-feab-4995-8095-ccaa084fcaa9,/search-interface,93,2025-10-24 11:56:42.621+00
c6f5b4cd-17f7-4562-8467-ffc3da67c9fd,/search-interface,100,2025-11-10 20:29:25.856+00
cdc8aef5-3d93-4872-8289-4ab06f4304c8,/search-interface,100,2025-10-26 13:39:56.222+00
31f98ce4-e145-4dea-ba26-58b5023dbe38,/search-interface,100,2025-10-25 20:00:20.546+00
ff1e4a22-4137-4886-b922-c92977c5c09f,/search-interface,100,2025-11-08 23:05:57.822+00
aa6cab0e-94ff-4a90-84a1-8e7cfe2999f9,/search-interface,100,2025-10-24 16:44:36.036+00
c9261d8c-912a-4dbe-a873-ab76c3987475,/search-interface,100,2025-10-24 09:01:45.562+00
2df6d1d2-60fb-4e27-8877-bdd2ebf01465,/search-interface,100,2025-10-29 09:56:12.362+00
67f4e98d-22e3-4105-b784-0559446baf77,/search-interface,100,2025-10-24 19:16:44.831+00
2c30267d-d323-4573-b873-c9f8688a4a23,/search-interface,6,2025-11-09 11:15:03.547+00
142c99e6-b479-40d7-967d-6774c5e77249,/search-interface,66,2025-10-24 10:10:26.034+00
c829958a-0236-4152-9013-31f07b9381d2,/search-interface,100,2025-10-31 09:36:37.451+00
67f4e98d-22e3-4105-b784-0559446baf77,/search-interface,100,2025-10-24 19:19:42.057+00
cd1fb915-bf86-40d8-b7e5-0d13446bb8f4,/search-interface,36,2025-11-09 05:02:59.203+00
b901116a-0f1c-4630-8e0e-5d1ff74c0cf7,/search-interface,100,2025-10-29 09:57:29.508+00
165f4f73-dd89-4505-924f-830e65bfdbc9,/search-interface,100,2025-10-29 10:20:12.544+00
e83b0f80-c600-43f7-9b9e-ab76b019ddb4,/search-interface,100,2025-11-10 15:23:55.865+00
0a21e5d1-feab-4995-8095-ccaa084fcaa9,/search-interface,100,2025-10-24 11:53:57.11+00
cd1fb915-bf86-40d8-b7e5-0d13446bb8f4,/search-interface,36,2025-11-09 04:58:53.204+00
b901116a-0f1c-4630-8e0e-5d1ff74c0cf7,/search-interface,100,2025-10-29 09:52:12.767+00
c22aec2c-57bc-4c71-b69a-31a30334b3c0,/search-interface,100,2025-10-29 09:38:02.256+00
1509747a-3aef-41e4-970d-6967a48ec201,/search-interface,63,2025-11-01 18:33:59.871+00
ae444d00-9295-437f-812b-f75240800327,/search-interface,37,2025-10-31 22:13:10.226+00
995e8474-332b-4d70-b441-7add2945b2d7,/search-interface,100,2025-11-09 11:39:00.44+00
a6f69c98-dc30-47ba-96db-ea22ed1cf6ec,/search-interface,100,2025-10-25 12:23:01.681+00
88d370e3-53bd-4d9c-8da7-1094456fbdef,/search-interface,19,2025-11-09 11:27:12.189+00
dc6df264-b00b-4e6b-b195-b5d2ead64eb5,/search-interface,5,2025-11-10 13:22:37.027+00
375daeb6-fb58-4586-8ef1-0ff83eefe61d,/search-interface,100,2025-11-09 20:37:54.265+00
21821039-baef-4c67-94ea-4099060a4805,/search-interface,100,2025-10-25 18:22:07.007+00
b901116a-0f1c-4630-8e0e-5d1ff74c0cf7,/search-interface,100,2025-10-29 09:51:38.84+00
0e8e7b12-38cc-4b44-ab83-1b9a954c7e46,/search-interface,100,2025-11-09 15:01:25.366+00
e83b0f80-c600-43f7-9b9e-ab76b019ddb4,/search-interface,100,2025-11-10 15:24:22.608+00
1214eecf-5b2a-4675-9926-f06f9619dee8,/search-interface,10,2025-11-13 10:22:38.222+00
056ff148-78aa-4dff-b2cd-44bdc0d7b941,/search-interface,45,2025-11-09 09:20:18.62+00
fc10e9ac-bf85-42e0-997d-df36712e059a,/search-interface,22,2025-10-23 18:34:43.984+00
056ff148-78aa-4dff-b2cd-44bdc0d7b941,/search-interface,45,2025-11-09 09:19:03.994+00
b901116a-0f1c-4630-8e0e-5d1ff74c0cf7,/search-interface,100,2025-10-29 09:54:09.252+00
0e8e7b12-38cc-4b44-ab83-1b9a954c7e46,/search-interface,100,2025-11-09 15:02:24.904+00
c9261d8c-912a-4dbe-a873-ab76c3987475,/search-interface,100,2025-10-24 09:02:14.205+00
49e71bfc-8848-46e8-88e3-7d076e7c0725,/search-interface,100,2025-10-24 19:18:49.577+00
165f4f73-dd89-4505-924f-830e65bfdbc9,/search-interface,100,2025-10-29 10:24:10.532+00
0e8e7b12-38cc-4b44-ab83-1b9a954c7e46,/search-interface,100,2025-11-09 15:30:31.851+00
2c6d20fa-5ea1-4071-99d2-ca1abcc9161c,/search-interface,100,2025-10-28 08:23:47.102+00
fc10e9ac-bf85-42e0-997d-df36712e059a,/search-interface,22,2025-10-23 18:34:44.332+00
88d370e3-53bd-4d9c-8da7-1094456fbdef,/search-interface,28,2025-11-09 11:20:52.911+00
332dcde5-a1bb-44da-b105-bf0703b32f0d,/search-interface,100,2025-10-26 15:38:46.713+00
b901116a-0f1c-4630-8e0e-5d1ff74c0cf7,/search-interface,100,2025-10-29 09:54:17.775+00
0e8e7b12-38cc-4b44-ab83-1b9a954c7e46,/search-interface,100,2025-11-09 15:27:13.441+00
c6f5b4cd-17f7-4562-8467-ffc3da67c9fd,/search-interface,100,2025-11-10 20:29:15.882+00
184fc96f-7551-4da8-b3a1-c5a071079f7c,/search-interface,100,2025-10-29 10:23:24.837+00
1214eecf-5b2a-4675-9926-f06f9619dee8,/search-interface,5,2025-11-13 10:22:17.271+00
ae444d00-9295-437f-812b-f75240800327,/search-interface,100,2025-10-31 22:14:24.785+00
a6f69c98-dc30-47ba-96db-ea22ed1cf6ec,/search-interface,100,2025-10-25 12:23:05.254+00
ae444d00-9295-437f-812b-f75240800327,/search-interface,100,2025-10-31 22:14:29.303+00
17daf1fe-65fb-49ec-be7c-a75ce318de80,/search-interface,44,2025-11-09 09:26:38.724+00
c829958a-0236-4152-9013-31f07b9381d2,/search-interface,100,2025-10-31 09:30:38.153+00
67f4e98d-22e3-4105-b784-0559446baf77,/search-interface,100,2025-10-24 19:19:41.878+00
dc6df264-b00b-4e6b-b195-b5d2ead64eb5,/search-interface,15,2025-11-10 13:26:07.876+00
c6f5b4cd-17f7-4562-8467-ffc3da67c9fd,/search-interface,100,2025-11-10 20:30:03.304+00
fc10e9ac-bf85-42e0-997d-df36712e059a,/search-interface,17,2025-10-23 18:32:42.814+00
827abfd9-154b-4b5f-86b9-a3a51525af0b,/search-interface,100,2025-10-24 11:09:28.737+00
87c041d3-9bd0-46fa-9ebe-390584750a08,/search-interface,30,2025-10-26 15:29:09.266+00
ae444d00-9295-437f-812b-f75240800327,/search-interface,100,2025-10-31 22:17:39.334+00
1214eecf-5b2a-4675-9926-f06f9619dee8,/search-interface,53,2025-11-13 10:26:06.751+00
ae444d00-9295-437f-812b-f75240800327,/search-interface,37,2025-10-31 22:13:58.833+00
2c30267d-d323-4573-b873-c9f8688a4a23,/search-interface,6,2025-11-09 11:13:11.62+00
0e8e7b12-38cc-4b44-ab83-1b9a954c7e46,/search-interface,100,2025-11-09 15:15:26.344+00
ae444d00-9295-437f-812b-f75240800327,/search-interface,52,2025-10-31 22:14:03.089+00
2c30267d-d323-4573-b873-c9f8688a4a23,/search-interface,6,2025-11-09 11:12:37.828+00
e7bda5fc-cfa3-4a62-b701-d12a2294b0c5,/search-interface,100,2025-10-24 14:22:35.066+00
cc4fc9e4-953a-429f-a5c3-66a944641e71,/search-interface,100,2025-10-29 09:41:42.481+00
31f98ce4-e145-4dea-ba26-58b5023dbe38,/search-interface,100,2025-10-25 19:56:43.933+00
1214eecf-5b2a-4675-9926-f06f9619dee8,/search-interface,58,2025-11-13 10:30:39.216+00
21821039-baef-4c67-94ea-4099060a4805,/search-interface,100,2025-10-25 18:20:33.509+00
2df6d1d2-60fb-4e27-8877-bdd2ebf01465,/search-interface,100,2025-10-29 10:01:25.998+00
995e8474-332b-4d70-b441-7add2945b2d7,/search-interface,100,2025-11-09 11:36:32.498+00
b5b593ae-6715-4db5-b53b-85832d70d67e,/search-interface,100,2025-11-10 10:25:22.462+00
0e8e7b12-38cc-4b44-ab83-1b9a954c7e46,/search-interface,46,2025-11-09 14:59:29.44+00
d50935b6-a4a2-43a6-965e-c191c186e395,/search-interface,100,2025-10-25 09:44:34.18+00
0a21e5d1-feab-4995-8095-ccaa084fcaa9,/search-interface,100,2025-10-24 11:56:43.766+00
ae444d00-9295-437f-812b-f75240800327,/search-interface,100,2025-10-31 22:14:38.273+00
cdc8aef5-3d93-4872-8289-4ab06f4304c8,/search-interface,100,2025-10-26 13:43:25.609+00
995e8474-332b-4d70-b441-7add2945b2d7,/search-interface,100,2025-11-09 11:39:00.408+00
1214eecf-5b2a-4675-9926-f06f9619dee8,/search-interface,58,2025-11-13 10:28:45.713+00
e008edb8-e4d7-4e49-a8fd-2b72958fec02,/search-interface,12,2025-11-10 03:28:04.441+00
cd1fb915-bf86-40d8-b7e5-0d13446bb8f4,/search-interface,36,2025-11-09 05:03:38.084+00
aa6cab0e-94ff-4a90-84a1-8e7cfe2999f9,/search-interface,100,2025-10-24 16:36:28.874+00
2df6d1d2-60fb-4e27-8877-bdd2ebf01465,/search-interface,100,2025-10-29 09:56:51.731+00
c6f5b4cd-17f7-4562-8467-ffc3da67c9fd,/search-interface,100,2025-11-10 20:30:06.15+00
c6f5b4cd-17f7-4562-8467-ffc3da67c9fd,/search-interface,100,2025-11-10 20:29:12.612+00
0e8e7b12-38cc-4b44-ab83-1b9a954c7e46,/search-interface,100,2025-11-09 15:02:15.953+00
0e8e7b12-38cc-4b44-ab83-1b9a954c7e46,/search-interface,100,2025-11-09 15:04:20.711+00
b901116a-0f1c-4630-8e0e-5d1ff74c0cf7,/search-interface,100,2025-10-29 09:53:56.385+00
e83b0f80-c600-43f7-9b9e-ab76b019ddb4,/search-interface,100,2025-11-10 15:24:14.357+00
cdc8aef5-3d93-4872-8289-4ab06f4304c8,/search-interface,100,2025-10-26 13:45:02.587+00
a6f69c98-dc30-47ba-96db-ea22ed1cf6ec,/search-interface,100,2025-10-25 12:24:19.751+00
cdc8aef5-3d93-4872-8289-4ab06f4304c8,/search-interface,100,2025-10-26 13:39:27.565+00
89d44738-21e8-47d9-b12d-1727f43881ce,/search-interface,100,2025-10-29 10:02:04.317+00
49e71bfc-8848-46e8-88e3-7d076e7c0725,/search-interface,100,2025-10-24 19:22:44.69+00
1214eecf-5b2a-4675-9926-f06f9619dee8,/search-interface,10,2025-11-13 10:22:38.833+00
b8913630-a961-4434-9ab1-000fd69f471b,/search-interface,100,2025-10-31 19:40:41.877+00
891f2d69-681a-45b2-80b2-8bf4066caab9,/search-interface,17,2025-10-29 08:47:49.166+00
b901116a-0f1c-4630-8e0e-5d1ff74c0cf7,/search-interface,100,2025-10-29 09:55:37.617+00
891f2d69-681a-45b2-80b2-8bf4066caab9,/search-interface,17,2025-10-29 08:48:59.121+00
e83b0f80-c600-43f7-9b9e-ab76b019ddb4,/search-interface,100,2025-11-10 15:29:24.682+00
49e71bfc-8848-46e8-88e3-7d076e7c0725,/search-interface,100,2025-10-24 19:22:44.633+00
89d44738-21e8-47d9-b12d-1727f43881ce,/search-interface,69,2025-10-29 10:01:32.724+00
0e8e7b12-38cc-4b44-ab83-1b9a954c7e46,/search-interface,100,2025-11-09 15:15:26.331+00
67f4e98d-22e3-4105-b784-0559446baf77,/search-interface,100,2025-10-24 19:19:35.353+00
c6f5b4cd-17f7-4562-8467-ffc3da67c9fd,/search-interface,100,2025-11-10 20:29:47.596+00
49e71bfc-8848-46e8-88e3-7d076e7c0725,/search-interface,100,2025-10-24 19:18:49.648+00
2df6d1d2-60fb-4e27-8877-bdd2ebf01465,/search-interface,100,2025-10-29 09:55:47.634+00
b901116a-0f1c-4630-8e0e-5d1ff74c0cf7,/search-interface,100,2025-10-29 09:55:37.567+00
1214eecf-5b2a-4675-9926-f06f9619dee8,/search-interface,27,2025-11-13 10:24:21.336+00
827abfd9-154b-4b5f-86b9-a3a51525af0b,/search-interface,100,2025-10-24 11:10:17.711+00
79dad0d9-3c9c-431f-80cd-71bafdf8ee14,/search-interface,49,2025-11-08 23:34:25.323+00
1214eecf-5b2a-4675-9926-f06f9619dee8,/search-interface,53,2025-11-13 10:24:59.564+00
c829958a-0236-4152-9013-31f07b9381d2,/search-interface,100,2025-10-31 09:26:52.367+00
d50935b6-a4a2-43a6-965e-c191c186e395,/search-interface,100,2025-10-25 09:44:11.841+00
f81ea16d-e928-42f3-a682-8f4b09f69de4,/search-interface,100,2025-10-27 16:42:09.265+00
cc4fc9e4-953a-429f-a5c3-66a944641e71,/search-interface,100,2025-10-29 09:38:16.887+00
e61528b9-0038-4b8a-acd1-599d024742fc,/search-interface,100,2025-10-29 09:36:35.847+00
d50935b6-a4a2-43a6-965e-c191c186e395,/search-interface,100,2025-10-25 09:44:27.819+00
b901116a-0f1c-4630-8e0e-5d1ff74c0cf7,/search-interface,100,2025-10-29 09:52:54.814+00
c6f5b4cd-17f7-4562-8467-ffc3da67c9fd,/search-interface,100,2025-11-10 20:30:56.047+00
abc4ae0f-0e97-41c0-9b9f-3a7e22c2be66,/search-interface,100,2025-10-24 18:23:18.599+00
b901116a-0f1c-4630-8e0e-5d1ff74c0cf7,/search-interface,100,2025-10-29 09:52:29.989+00
347c09f5-16b3-4334-a17d-3cb53e320b10,/search-interface,100,2025-10-29 16:31:54.874+00
184fc96f-7551-4da8-b3a1-c5a071079f7c,/search-interface,100,2025-10-29 10:25:10.611+00
dad2f8d2-07a9-4866-a454-46814ef51ea2,/search-interface,100,2025-10-25 10:20:08.564+00
21821039-baef-4c67-94ea-4099060a4805,/search-interface,16,2025-10-25 18:13:36.101+00
c22aec2c-57bc-4c71-b69a-31a30334b3c0,/search-interface,100,2025-10-29 09:39:19.073+00
a709117c-1d94-4376-8397-124eae2e9e85,/search-interface,100,2025-10-29 09:57:47.319+00
c9261d8c-912a-4dbe-a873-ab76c3987475,/search-interface,2,2025-10-24 09:01:24.4+00
fa873ae7-c1e1-4da4-ad34-79437bf9ef2b,/search-interface,41,2025-11-09 22:00:37.448+00
bd78ca90-05e2-4743-bc15-d82f814f1f2e,/search-interface,40,2025-10-24 16:48:39.716+00
fc10e9ac-bf85-42e0-997d-df36712e059a,/search-interface,22,2025-10-23 18:33:40.964+00
995e8474-332b-4d70-b441-7add2945b2d7,/search-interface,76,2025-11-09 11:45:32.524+00
e008edb8-e4d7-4e49-a8fd-2b72958fec02,/search-interface,12,2025-11-10 03:27:16.157+00
142c99e6-b479-40d7-967d-6774c5e77249,/search-interface,66,2025-10-24 10:19:20.741+00
cd1fb915-bf86-40d8-b7e5-0d13446bb8f4,/search-interface,100,2025-11-09 05:03:03.243+00
fa873ae7-c1e1-4da4-ad34-79437bf9ef2b,/search-interface,41,2025-11-09 22:00:55.016+00
0e8e7b12-38cc-4b44-ab83-1b9a954c7e46,/search-interface,58,2025-11-09 15:04:20.788+00
1509747a-3aef-41e4-970d-6967a48ec201,/search-interface,100,2025-11-01 18:34:03.546+00
891f2d69-681a-45b2-80b2-8bf4066caab9,/search-interface,17,2025-10-29 08:48:04.378+00
79dad0d9-3c9c-431f-80cd-71bafdf8ee14,/search-interface,100,2025-11-08 23:34:02.703+00
88d370e3-53bd-4d9c-8da7-1094456fbdef,/search-interface,68,2025-11-09 11:27:12.009+00
2c30267d-d323-4573-b873-c9f8688a4a23,/search-interface,6,2025-11-09 11:13:04.155+00
1509747a-3aef-41e4-970d-6967a48ec201,/search-interface,100,2025-11-01 18:34:26.691+00
827abfd9-154b-4b5f-86b9-a3a51525af0b,/search-interface,100,2025-10-24 11:10:59.447+00
2c30267d-d323-4573-b873-c9f8688a4a23,/search-interface,6,2025-11-09 11:12:55.172+00
cd1fb915-bf86-40d8-b7e5-0d13446bb8f4,/search-interface,36,2025-11-09 05:00:31.029+00
67f4e98d-22e3-4105-b784-0559446baf77,/search-interface,100,2025-10-24 19:20:13.895+00
6b9d53a0-7f89-4214-a621-6cc252f6f61b,/search-interface,100,2025-11-09 14:38:37.819+00
21821039-baef-4c67-94ea-4099060a4805,/search-interface,21,2025-10-25 18:13:45.177+00
ae444d00-9295-437f-812b-f75240800327,/search-interface,100,2025-10-31 22:16:40.259+00
0a21e5d1-feab-4995-8095-ccaa084fcaa9,/search-interface,100,2025-10-24 11:55:08.212+00
87c041d3-9bd0-46fa-9ebe-390584750a08,/search-interface,28,2025-10-26 15:29:29.881+00
ae444d00-9295-437f-812b-f75240800327,/search-interface,100,2025-10-31 22:14:44.181+00
995e8474-332b-4d70-b441-7add2945b2d7,/search-interface,76,2025-11-09 11:54:04.013+00
995e8474-332b-4d70-b441-7add2945b2d7,/search-interface,100,2025-11-09 11:44:26.833+00
dc6df264-b00b-4e6b-b195-b5d2ead64eb5,/search-interface,15,2025-11-10 13:23:00.081+00
a709117c-1d94-4376-8397-124eae2e9e85,/search-interface,100,2025-10-29 09:54:50.77+00
0537d915-a4c7-48eb-944a-e385614ff80a,/search-interface,100,2025-10-26 15:45:38.594+00
e7bda5fc-cfa3-4a62-b701-d12a2294b0c5,/search-interface,100,2025-10-24 14:22:06.126+00
cd1fb915-bf86-40d8-b7e5-0d13446bb8f4,/search-interface,100,2025-11-09 05:04:43.825+00
b901116a-0f1c-4630-8e0e-5d1ff74c0cf7,/search-interface,100,2025-10-29 09:52:59.633+00
221af9d0-3577-41d0-b7fc-1b0eea1320eb,/search-interface,100,2025-10-24 17:09:30.43+00
cdc8aef5-3d93-4872-8289-4ab06f4304c8,/search-interface,100,2025-10-26 13:45:14.22+00
cd1fb915-bf86-40d8-b7e5-0d13446bb8f4,/search-interface,100,2025-11-09 05:03:08.936+00
cdc8aef5-3d93-4872-8289-4ab06f4304c8,/search-interface,100,2025-10-26 13:45:08.353+00
0e8e7b12-38cc-4b44-ab83-1b9a954c7e46,/search-interface,100,2025-11-09 15:06:30.597+00
e008edb8-e4d7-4e49-a8fd-2b72958fec02,/search-interface,12,2025-11-10 03:27:07.564+00
1214eecf-5b2a-4675-9926-f06f9619dee8,/search-interface,17,2025-11-13 10:23:25.398+00
87c041d3-9bd0-46fa-9ebe-390584750a08,/search-interface,37,2025-10-26 15:29:11.193+00
184fc96f-7551-4da8-b3a1-c5a071079f7c,/search-interface,100,2025-10-29 10:23:36.237+00
056ff148-78aa-4dff-b2cd-44bdc0d7b941,/search-interface,45,2025-11-09 09:19:41.462+00
995e8474-332b-4d70-b441-7add2945b2d7,/search-interface,100,2025-11-09 11:39:00.575+00
21821039-baef-4c67-94ea-4099060a4805,/search-interface,100,2025-10-25 18:15:29.463+00
e5e0b3a6-4f4c-44b4-916e-334803fe7421,/search-interface,100,2025-11-10 10:30:03.881+00
2df6d1d2-60fb-4e27-8877-bdd2ebf01465,/search-interface,100,2025-10-29 09:58:15.462+00
056ff148-78aa-4dff-b2cd-44bdc0d7b941,/search-interface,45,2025-11-09 09:20:33.062+00
165f4f73-dd89-4505-924f-830e65bfdbc9,/search-interface,100,2025-10-29 10:19:55.297+00
0e8e7b12-38cc-4b44-ab83-1b9a954c7e46,/search-interface,96,2025-11-09 14:59:32.577+00
f81ea16d-e928-42f3-a682-8f4b09f69de4,/search-interface,100,2025-10-27 16:41:52.518+00
8916a6a1-9694-4444-925c-c135568fbfb2,/search-interface,100,2025-10-27 16:28:43.066+00
0e8e7b12-38cc-4b44-ab83-1b9a954c7e46,/search-interface,58,2025-11-09 15:15:12.711+00
7b797820-31ae-47ca-b092-0839034bb31f,/search-interface,9,2025-11-11 05:12:23.832+00
21821039-baef-4c67-94ea-4099060a4805,/search-interface,100,2025-10-25 21:04:26.478+00
184fc96f-7551-4da8-b3a1-c5a071079f7c,/search-interface,100,2025-10-29 10:31:39.552+00
995e8474-332b-4d70-b441-7add2945b2d7,/search-interface,100,2025-11-09 11:45:49.609+00
1214eecf-5b2a-4675-9926-f06f9619dee8,/search-interface,58,2025-11-13 10:28:07.616+00
a1735e55-c060-4249-af04-fd133e4f213e,/search-interface,100,2025-11-15 21:00:28.845+00
21821039-baef-4c67-94ea-4099060a4805,/search-interface,33,2025-10-25 18:23:26.079+00
a6f69c98-dc30-47ba-96db-ea22ed1cf6ec,/search-interface,100,2025-10-25 12:23:57.322+00
0e8e7b12-38cc-4b44-ab83-1b9a954c7e46,/search-interface,100,2025-11-09 15:30:42.394+00
221af9d0-3577-41d0-b7fc-1b0eea1320eb,/search-interface,100,2025-10-24 17:10:49.855+00
221af9d0-3577-41d0-b7fc-1b0eea1320eb,/search-interface,100,2025-10-24 17:09:01.885+00
fc10e9ac-bf85-42e0-997d-df36712e059a,/search-interface,17,2025-10-23 18:32:42.153+00
21821039-baef-4c67-94ea-4099060a4805,/search-interface,21,2025-10-25 18:13:45.071+00
2df6d1d2-60fb-4e27-8877-bdd2ebf01465,/search-interface,100,2025-10-29 09:56:05.628+00
7b797820-31ae-47ca-b092-0839034bb31f,/search-interface,9,2025-11-11 05:12:06.416+00
c6f5b4cd-17f7-4562-8467-ffc3da67c9fd,/search-interface,100,2025-11-10 20:29:20.991+00
88d370e3-53bd-4d9c-8da7-1094456fbdef,/search-interface,68,2025-11-09 11:21:45.86+00
2df6d1d2-60fb-4e27-8877-bdd2ebf01465,/search-interface,100,2025-10-29 09:56:01.852+00
c9261d8c-912a-4dbe-a873-ab76c3987475,/search-interface,100,2025-10-24 09:02:24.449+00
cdc8aef5-3d93-4872-8289-4ab06f4304c8,/search-interface,100,2025-10-26 13:42:48.325+00
17daf1fe-65fb-49ec-be7c-a75ce318de80,/search-interface,94,2025-11-09 09:26:48.045+00
142c99e6-b479-40d7-967d-6774c5e77249,/search-interface,66,2025-10-24 10:10:43.094+00
b901116a-0f1c-4630-8e0e-5d1ff74c0cf7,/search-interface,100,2025-10-29 09:54:21.189+00
cdc8aef5-3d93-4872-8289-4ab06f4304c8,/search-interface,100,2025-10-26 13:39:25.633+00
70f1df52-337e-42af-9988-f3ff59b68a9c,/search-interface,100,2025-10-29 09:45:47.338+00
abc4ae0f-0e97-41c0-9b9f-3a7e22c2be66,/search-interface,100,2025-10-24 18:23:31.938+00
88d370e3-53bd-4d9c-8da7-1094456fbdef,/search-interface,68,2025-11-09 11:24:11.696+00
6b9d53a0-7f89-4214-a621-6cc252f6f61b,/search-interface,15,2025-11-09 14:35:44.775+00
1214eecf-5b2a-4675-9926-f06f9619dee8,/search-interface,58,2025-11-13 10:29:10.93+00
827abfd9-154b-4b5f-86b9-a3a51525af0b,/search-interface,100,2025-10-24 11:08:34.81+00
89d44738-21e8-47d9-b12d-1727f43881ce,/search-interface,100,2025-10-29 10:02:13.042+00
cd1fb915-bf86-40d8-b7e5-0d13446bb8f4,/search-interface,36,2025-11-09 05:08:10.308+00
a6f69c98-dc30-47ba-96db-ea22ed1cf6ec,/search-interface,100,2025-10-25 12:24:19.752+00
221af9d0-3577-41d0-b7fc-1b0eea1320eb,/search-interface,100,2025-10-24 17:10:40.95+00
fc10e9ac-bf85-42e0-997d-df36712e059a,/search-interface,100,2025-10-23 18:35:00.935+00
0e8e7b12-38cc-4b44-ab83-1b9a954c7e46,/search-interface,58,2025-11-09 15:01:06.713+00
6b9d53a0-7f89-4214-a621-6cc252f6f61b,/search-interface,100,2025-11-09 14:40:05.34+00
c22aec2c-57bc-4c71-b69a-31a30334b3c0,/search-interface,100,2025-10-29 09:41:43.764+00
88d370e3-53bd-4d9c-8da7-1094456fbdef,/search-interface,68,2025-11-09 11:21:49.675+00
b901116a-0f1c-4630-8e0e-5d1ff74c0cf7,/search-interface,100,2025-10-29 09:51:41.06+00
cdc8aef5-3d93-4872-8289-4ab06f4304c8,/search-interface,100,2025-10-26 13:42:27.105+00
1214eecf-5b2a-4675-9926-f06f9619dee8,/search-interface,53,2025-11-13 10:27:55.454+00
e008edb8-e4d7-4e49-a8fd-2b72958fec02,/search-interface,12,2025-11-10 03:30:04.841+00
b901116a-0f1c-4630-8e0e-5d1ff74c0cf7,/search-interface,100,2025-10-29 09:55:22.531+00
4cc7193b-0ff3-4cfd-b198-e1632ec62e58,/search-interface,100,2025-10-29 14:08:36.653+00
67f4e98d-22e3-4105-b784-0559446baf77,/search-interface,100,2025-10-24 19:17:20.998+00
0e8e7b12-38cc-4b44-ab83-1b9a954c7e46,/search-interface,58,2025-11-09 15:02:15.956+00
c6f5b4cd-17f7-4562-8467-ffc3da67c9fd,/search-interface,100,2025-11-10 20:30:20.309+00
dc6df264-b00b-4e6b-b195-b5d2ead64eb5,/search-interface,15,2025-11-10 13:24:10.354+00
e5e0b3a6-4f4c-44b4-916e-334803fe7421,/search-interface,100,2025-11-10 10:30:54.454+00
f81ea16d-e928-42f3-a682-8f4b09f69de4,/search-interface,100,2025-10-27 16:41:02.544+00
a709117c-1d94-4376-8397-124eae2e9e85,/search-interface,100,2025-10-29 09:54:51.695+00
0e8e7b12-38cc-4b44-ab83-1b9a954c7e46,/search-interface,100,2025-11-09 15:30:42.384+00
2c6d20fa-5ea1-4071-99d2-ca1abcc9161c,/search-interface,100,2025-10-28 08:26:49.212+00
31f98ce4-e145-4dea-ba26-58b5023dbe38,/search-interface,100,2025-10-25 19:58:18.016+00
a6f69c98-dc30-47ba-96db-ea22ed1cf6ec,/search-interface,100,2025-10-25 12:24:22.718+00
1214eecf-5b2a-4675-9926-f06f9619dee8,/search-interface,53,2025-11-13 10:25:07.743+00
ee0ab688-faa8-48d0-8e33-6cf24a33f5af,/search-interface,100,2025-11-07 15:15:27.707+00
0e8e7b12-38cc-4b44-ab83-1b9a954c7e46,/search-interface,58,2025-11-09 15:30:31.735+00
e67193b2-2d1f-4a58-a1c1-da8def446287,/search-interface,100,2025-11-10 07:23:57.507+00
c6f5b4cd-17f7-4562-8467-ffc3da67c9fd,/search-interface,100,2025-11-10 20:29:51.995+00
aa6cab0e-94ff-4a90-84a1-8e7cfe2999f9,/search-interface,100,2025-10-24 16:49:07.125+00
d50935b6-a4a2-43a6-965e-c191c186e395,/search-interface,100,2025-10-25 09:43:56.91+00
90b93968-e613-4f26-a83b-9ef7e7850f70,/search-interface,100,2025-10-29 09:52:28.371+00
827abfd9-154b-4b5f-86b9-a3a51525af0b,/search-interface,100,2025-10-24 11:11:10.293+00
e008edb8-e4d7-4e49-a8fd-2b72958fec02,/search-interface,12,2025-11-10 03:27:53.963+00
90b93968-e613-4f26-a83b-9ef7e7850f70,/search-interface,100,2025-10-29 09:52:24.479+00
2df6d1d2-60fb-4e27-8877-bdd2ebf01465,/search-interface,100,2025-10-29 09:56:12.374+00
21821039-baef-4c67-94ea-4099060a4805,/search-interface,21,2025-10-25 21:04:26.396+00
0e8e7b12-38cc-4b44-ab83-1b9a954c7e46,/search-interface,100,2025-11-09 15:05:59.989+00
87c041d3-9bd0-46fa-9ebe-390584750a08,/search-interface,28,2025-10-26 15:29:22.085+00
1214eecf-5b2a-4675-9926-f06f9619dee8,/search-interface,53,2025-11-13 10:24:44.218+00
a6f69c98-dc30-47ba-96db-ea22ed1cf6ec,/search-interface,100,2025-10-25 12:23:56.094+00
b8913630-a961-4434-9ab1-000fd69f471b,/search-interface,100,2025-10-31 19:44:24.335+00
ae444d00-9295-437f-812b-f75240800327,/search-interface,100,2025-10-31 22:14:15.221+00
21821039-baef-4c67-94ea-4099060a4805,/search-interface,100,2025-10-25 18:15:49.166+00
aa6cab0e-94ff-4a90-84a1-8e7cfe2999f9,/search-interface,100,2025-10-24 16:51:16.091+00
21821039-baef-4c67-94ea-4099060a4805,/search-interface,18,2025-10-25 18:20:31.95+00
aa6cab0e-94ff-4a90-84a1-8e7cfe2999f9,/search-interface,100,2025-10-24 16:45:35.294+00
fa873ae7-c1e1-4da4-ad34-79437bf9ef2b,/search-interface,41,2025-11-09 22:01:21.144+00
a6f69c98-dc30-47ba-96db-ea22ed1cf6ec,/search-interface,100,2025-10-25 12:23:09.484+00
ae444d00-9295-437f-812b-f75240800327,/search-interface,100,2025-10-31 22:16:52.335+00
17daf1fe-65fb-49ec-be7c-a75ce318de80,/search-interface,94,2025-11-09 09:26:49.379+00
142c99e6-b479-40d7-967d-6774c5e77249,/search-interface,66,2025-10-24 10:10:36.604+00
e67193b2-2d1f-4a58-a1c1-da8def446287,/search-interface,100,2025-11-10 07:23:53.99+00
b901116a-0f1c-4630-8e0e-5d1ff74c0cf7,/search-interface,100,2025-10-29 09:57:29.933+00
fa873ae7-c1e1-4da4-ad34-79437bf9ef2b,/search-interface,41,2025-11-09 22:00:04.828+00
827abfd9-154b-4b5f-86b9-a3a51525af0b,/search-interface,100,2025-10-24 11:10:59.444+00
e83b0f80-c600-43f7-9b9e-ab76b019ddb4,/search-interface,100,2025-11-10 15:24:05.707+00
2c6d20fa-5ea1-4071-99d2-ca1abcc9161c,/search-interface,100,2025-10-28 08:26:51.324+00
c6f5b4cd-17f7-4562-8467-ffc3da67c9fd,/search-interface,100,2025-11-10 20:29:46.247+00
0e8e7b12-38cc-4b44-ab83-1b9a954c7e46,/search-interface,58,2025-11-09 14:58:36.778+00
dad2f8d2-07a9-4866-a454-46814ef51ea2,/search-interface,78,2025-10-25 10:20:07.63+00
cdc8aef5-3d93-4872-8289-4ab06f4304c8,/search-interface,100,2025-10-26 13:45:56.69+00
aa6cab0e-94ff-4a90-84a1-8e7cfe2999f9,/search-interface,100,2025-10-24 17:04:18.732+00
1214eecf-5b2a-4675-9926-f06f9619dee8,/search-interface,58,2025-11-13 10:28:57.095+00
a6f69c98-dc30-47ba-96db-ea22ed1cf6ec,/search-interface,100,2025-10-25 12:23:56.062+00
cdc8aef5-3d93-4872-8289-4ab06f4304c8,/search-interface,100,2025-10-26 13:52:30.243+00
1214eecf-5b2a-4675-9926-f06f9619dee8,/search-interface,58,2025-11-13 10:28:16.048+00
67f4e98d-22e3-4105-b784-0559446baf77,/search-interface,100,2025-10-24 19:21:35.574+00
e61528b9-0038-4b8a-acd1-599d024742fc,/search-interface,100,2025-10-29 09:35:49.702+00
2c30267d-d323-4573-b873-c9f8688a4a23,/search-interface,6,2025-11-09 11:12:46.245+00
b901116a-0f1c-4630-8e0e-5d1ff74c0cf7,/search-interface,100,2025-10-29 09:52:38.962+00
320ed1be-301b-4901-9873-84e671256590,/search-interface,100,2025-10-29 09:56:36.074+00
0e8e7b12-38cc-4b44-ab83-1b9a954c7e46,/search-interface,100,2025-11-09 15:01:11.535+00
cd1fb915-bf86-40d8-b7e5-0d13446bb8f4,/search-interface,36,2025-11-09 05:03:26.821+00
827abfd9-154b-4b5f-86b9-a3a51525af0b,/search-interface,100,2025-10-24 11:10:17.722+00
0e8e7b12-38cc-4b44-ab83-1b9a954c7e46,/search-interface,100,2025-11-09 15:05:55.007+00
90b93968-e613-4f26-a83b-9ef7e7850f70,/search-interface,100,2025-10-29 09:52:45.655+00
2df6d1d2-60fb-4e27-8877-bdd2ebf01465,/search-interface,100,2025-10-29 09:55:59.533+00
e5e0b3a6-4f4c-44b4-916e-334803fe7421,/search-interface,100,2025-11-10 10:29:21.633+00
ae444d00-9295-437f-812b-f75240800327,/search-interface,37,2025-10-31 22:13:20.853+00
995e8474-332b-4d70-b441-7add2945b2d7,/search-interface,76,2025-11-09 11:53:11.293+00
0e8e7b12-38cc-4b44-ab83-1b9a954c7e46,/search-interface,100,2025-11-09 15:14:35.819+00
2c6d20fa-5ea1-4071-99d2-ca1abcc9161c,/search-interface,100,2025-10-28 08:22:31.53+00
b8913630-a961-4434-9ab1-000fd69f471b,/search-interface,100,2025-10-31 19:40:43.462+00
21821039-baef-4c67-94ea-4099060a4805,/search-interface,43,2025-10-25 18:14:39.969+00
88d370e3-53bd-4d9c-8da7-1094456fbdef,/search-interface,5,2025-11-09 11:20:30.386+00
21821039-baef-4c67-94ea-4099060a4805,/search-interface,66,2025-10-25 18:15:07.507+00
e7bda5fc-cfa3-4a62-b701-d12a2294b0c5,/search-interface,100,2025-10-24 14:21:57.465+00
7b797820-31ae-47ca-b092-0839034bb31f,/search-interface,9,2025-11-11 05:12:23.277+00
ffe36aa7-f7dd-42b4-9a65-f37b54e2802c,/search-interface,100,2025-11-09 18:47:53.495+00
6b9d53a0-7f89-4214-a621-6cc252f6f61b,/search-interface,100,2025-11-09 14:44:07.976+00
2df6d1d2-60fb-4e27-8877-bdd2ebf01465,/search-interface,100,2025-10-29 09:56:52.229+00
31f98ce4-e145-4dea-ba26-58b5023dbe38,/search-interface,100,2025-10-25 20:00:47.935+00
b901116a-0f1c-4630-8e0e-5d1ff74c0cf7,/search-interface,100,2025-10-29 09:55:22.06+00
1214eecf-5b2a-4675-9926-f06f9619dee8,/search-interface,53,2025-11-13 10:24:43.044+00
aa6cab0e-94ff-4a90-84a1-8e7cfe2999f9,/search-interface,100,2025-10-24 16:45:34.154+00
165f4f73-dd89-4505-924f-830e65bfdbc9,/search-interface,100,2025-10-29 10:13:09.74+00
21821039-baef-4c67-94ea-4099060a4805,/search-interface,33,2025-10-25 21:04:27.537+00
2df6d1d2-60fb-4e27-8877-bdd2ebf01465,/search-interface,100,2025-10-29 09:55:35.142+00
2c6d20fa-5ea1-4071-99d2-ca1abcc9161c,/search-interface,100,2025-10-28 08:23:03.366+00
b901116a-0f1c-4630-8e0e-5d1ff74c0cf7,/search-interface,100,2025-10-29 09:54:21.209+00
891f2d69-681a-45b2-80b2-8bf4066caab9,/search-interface,17,2025-10-29 08:47:52.009+00
67f4e98d-22e3-4105-b784-0559446baf77,/search-interface,100,2025-10-24 19:20:01.321+00
0537d915-a4c7-48eb-944a-e385614ff80a,/search-interface,28,2025-10-26 15:45:18.609+00
e5e0b3a6-4f4c-44b4-916e-334803fe7421,/search-interface,100,2025-11-10 10:29:29.114+00
21821039-baef-4c67-94ea-4099060a4805,/search-interface,70,2025-10-25 21:04:27.385+00
42d9ad17-647d-4b98-a68e-c155b967a64a,/search-interface,100,2025-10-25 12:43:18.568+00
0a21e5d1-feab-4995-8095-ccaa084fcaa9,/search-interface,93,2025-10-24 11:57:19.583+00
e7bda5fc-cfa3-4a62-b701-d12a2294b0c5,/search-interface,62,2025-10-24 14:21:55.722+00
0e8e7b12-38cc-4b44-ab83-1b9a954c7e46,/search-interface,58,2025-11-09 15:01:25.336+00
abc4ae0f-0e97-41c0-9b9f-3a7e22c2be66,/search-interface,100,2025-10-24 18:23:12.635+00
0a21e5d1-feab-4995-8095-ccaa084fcaa9,/search-interface,93,2025-10-24 11:57:12.146+00
2df6d1d2-60fb-4e27-8877-bdd2ebf01465,/search-interface,100,2025-10-29 10:01:26.036+00
88d370e3-53bd-4d9c-8da7-1094456fbdef,/search-interface,68,2025-11-09 11:25:51.624+00
165f4f73-dd89-4505-924f-830e65bfdbc9,/search-interface,100,2025-10-29 10:24:10.548+00
e83404aa-45f5-4e21-a2a9-88667e9c772d,/search-interface,100,2025-10-29 09:45:29.365+00
6b9d53a0-7f89-4214-a621-6cc252f6f61b,/search-interface,77,2025-11-09 14:36:26.634+00
142c99e6-b479-40d7-967d-6774c5e77249,/search-interface,66,2025-10-27 02:34:35.166+00
a1735e55-c060-4249-af04-fd133e4f213e,/search-interface,100,2025-11-15 21:00:19.944+00
cc4fc9e4-953a-429f-a5c3-66a944641e71,/search-interface,100,2025-10-29 09:38:22.825+00
0e8e7b12-38cc-4b44-ab83-1b9a954c7e46,/search-interface,58,2025-11-09 14:59:41.163+00
88d370e3-53bd-4d9c-8da7-1094456fbdef,/search-interface,19,2025-11-09 11:25:22.846+00
c6f5b4cd-17f7-4562-8467-ffc3da67c9fd,/search-interface,100,2025-11-10 20:32:06.219+00
4cc7193b-0ff3-4cfd-b198-e1632ec62e58,/search-interface,100,2025-10-29 14:08:40.574+00
e7bda5fc-cfa3-4a62-b701-d12a2294b0c5,/search-interface,100,2025-10-24 14:24:56.351+00
21821039-baef-4c67-94ea-4099060a4805,/search-interface,100,2025-10-25 21:04:26.475+00
b901116a-0f1c-4630-8e0e-5d1ff74c0cf7,/search-interface,100,2025-10-29 09:52:36.25+00
891f2d69-681a-45b2-80b2-8bf4066caab9,/search-interface,17,2025-10-29 08:47:51.541+00
67f4e98d-22e3-4105-b784-0559446baf77,/search-interface,100,2025-10-24 19:21:35.561+00
d50935b6-a4a2-43a6-965e-c191c186e395,/search-interface,100,2025-10-25 17:45:02.723+00
aa6cab0e-94ff-4a90-84a1-8e7cfe2999f9,/search-interface,100,2025-10-24 16:49:00.367+00
827abfd9-154b-4b5f-86b9-a3a51525af0b,/search-interface,100,2025-10-24 11:08:33.384+00
67f4e98d-22e3-4105-b784-0559446baf77,/search-interface,100,2025-10-24 19:19:42.051+00
aa6cab0e-94ff-4a90-84a1-8e7cfe2999f9,/search-interface,100,2025-10-24 16:39:45.713+00
6b9d53a0-7f89-4214-a621-6cc252f6f61b,/search-interface,30,2025-11-09 14:36:13.105+00
142c99e6-b479-40d7-967d-6774c5e77249,/search-interface,66,2025-10-24 10:11:01.397+00
fc10e9ac-bf85-42e0-997d-df36712e059a,/search-interface,22,2025-10-23 18:33:37.596+00
7b797820-31ae-47ca-b092-0839034bb31f,/search-interface,9,2025-11-11 05:10:01.512+00
221af9d0-3577-41d0-b7fc-1b0eea1320eb,/search-interface,100,2025-10-24 17:09:36.418+00
b5b593ae-6715-4db5-b53b-85832d70d67e,/search-interface,100,2025-11-10 10:25:27.17+00
42d9ad17-647d-4b98-a68e-c155b967a64a,/search-interface,100,2025-10-25 12:43:26.68+00
0e8e7b12-38cc-4b44-ab83-1b9a954c7e46,/search-interface,100,2025-11-09 15:00:40.743+00
0e8e7b12-38cc-4b44-ab83-1b9a954c7e46,/search-interface,100,2025-11-09 15:31:04.991+00
e61528b9-0038-4b8a-acd1-599d024742fc,/search-interface,100,2025-10-29 09:36:23.743+00
1214eecf-5b2a-4675-9926-f06f9619dee8,/search-interface,53,2025-11-13 10:26:37.368+00
e61528b9-0038-4b8a-acd1-599d024742fc,/search-interface,100,2025-10-29 09:36:35.3+00
ee0ab688-faa8-48d0-8e33-6cf24a33f5af,/search-interface,100,2025-11-07 15:15:21.126+00
2df6d1d2-60fb-4e27-8877-bdd2ebf01465,/search-interface,100,2025-10-29 09:54:46.758+00
c829958a-0236-4152-9013-31f07b9381d2,/search-interface,100,2025-10-31 09:27:02.251+00
7b797820-31ae-47ca-b092-0839034bb31f,/search-interface,56,2025-11-11 05:11:12.254+00
c9261d8c-912a-4dbe-a873-ab76c3987475,/search-interface,2,2025-10-24 09:00:04.625+00
0e8e7b12-38cc-4b44-ab83-1b9a954c7e46,/search-interface,100,2025-11-09 15:04:20.864+00
aa6cab0e-94ff-4a90-84a1-8e7cfe2999f9,/search-interface,100,2025-10-24 16:40:02.904+00
ae444d00-9295-437f-812b-f75240800327,/search-interface,100,2025-10-31 22:17:13.17+00
bd78ca90-05e2-4743-bc15-d82f814f1f2e,/search-interface,89,2025-10-24 16:49:04.125+00
b901116a-0f1c-4630-8e0e-5d1ff74c0cf7,/search-interface,100,2025-10-29 09:53:00.297+00
a709117c-1d94-4376-8397-124eae2e9e85,/search-interface,100,2025-10-29 09:59:48.703+00
e61528b9-0038-4b8a-acd1-599d024742fc,/search-interface,100,2025-10-29 09:36:19.764+00
1214eecf-5b2a-4675-9926-f06f9619dee8,/search-interface,58,2025-11-13 10:29:02.949+00
21821039-baef-4c67-94ea-4099060a4805,/search-interface,5,2025-10-25 18:18:17.515+00
90b93968-e613-4f26-a83b-9ef7e7850f70,/search-interface,100,2025-10-29 09:53:15.672+00
fa873ae7-c1e1-4da4-ad34-79437bf9ef2b,/search-interface,41,2025-11-09 22:05:17.704+00
165f4f73-dd89-4505-924f-830e65bfdbc9,/search-interface,100,2025-10-29 10:24:10.583+00
2df6d1d2-60fb-4e27-8877-bdd2ebf01465,/search-interface,100,2025-10-29 09:58:15.471+00
42d9ad17-647d-4b98-a68e-c155b967a64a,/search-interface,100,2025-10-25 12:44:30.784+00
49e71bfc-8848-46e8-88e3-7d076e7c0725,/search-interface,100,2025-10-24 19:18:16.053+00
79dad0d9-3c9c-431f-80cd-71bafdf8ee14,/search-interface,54,2025-11-08 23:46:10.519+00
fa873ae7-c1e1-4da4-ad34-79437bf9ef2b,/search-interface,41,2025-11-09 22:01:42.756+00
a1735e55-c060-4249-af04-fd133e4f213e,/search-interface,100,2025-11-15 21:00:23.702+00
49e71bfc-8848-46e8-88e3-7d076e7c0725,/search-interface,100,2025-10-24 19:17:47.597+00
0e8e7b12-38cc-4b44-ab83-1b9a954c7e46,/search-interface,100,2025-11-09 15:06:55.05+00
2c30267d-d323-4573-b873-c9f8688a4a23,/search-interface,6,2025-11-09 11:12:19.917+00
21821039-baef-4c67-94ea-4099060a4805,/search-interface,33,2025-10-25 18:22:07.049+00
0a21e5d1-feab-4995-8095-ccaa084fcaa9,/search-interface,100,2025-10-24 11:53:56.291+00
21821039-baef-4c67-94ea-4099060a4805,/search-interface,21,2025-10-25 18:14:39.981+00
2df6d1d2-60fb-4e27-8877-bdd2ebf01465,/search-interface,100,2025-10-29 09:55:47.491+00
165f4f73-dd89-4505-924f-830e65bfdbc9,/search-interface,100,2025-10-29 10:19:11.429+00
b901116a-0f1c-4630-8e0e-5d1ff74c0cf7,/search-interface,100,2025-10-29 09:57:29.946+00
cd1fb915-bf86-40d8-b7e5-0d13446bb8f4,/search-interface,36,2025-11-09 04:59:18.687+00
21821039-baef-4c67-94ea-4099060a4805,/search-interface,21,2025-10-25 18:22:07.015+00
90b93968-e613-4f26-a83b-9ef7e7850f70,/search-interface,100,2025-10-29 09:52:55.326+00
a6f69c98-dc30-47ba-96db-ea22ed1cf6ec,/search-interface,100,2025-10-25 12:22:37.031+00
e83b0f80-c600-43f7-9b9e-ab76b019ddb4,/search-interface,100,2025-11-10 15:23:45.98+00
c829958a-0236-4152-9013-31f07b9381d2,/search-interface,100,2025-10-31 09:36:54.341+00
c829958a-0236-4152-9013-31f07b9381d2,/search-interface,100,2025-10-31 09:36:28.246+00
827abfd9-154b-4b5f-86b9-a3a51525af0b,/search-interface,100,2025-10-24 11:09:34.469+00
67f4e98d-22e3-4105-b784-0559446baf77,/search-interface,100,2025-10-24 19:20:14.12+00
ae444d00-9295-437f-812b-f75240800327,/search-interface,52,2025-10-31 22:14:03.276+00
a6f69c98-dc30-47ba-96db-ea22ed1cf6ec,/search-interface,100,2025-10-25 12:23:19.546+00
21821039-baef-4c67-94ea-4099060a4805,/search-interface,100,2025-10-25 18:20:33.521+00
49e71bfc-8848-46e8-88e3-7d076e7c0725,/search-interface,100,2025-10-24 19:14:27.167+00
67f4e98d-22e3-4105-b784-0559446baf77,/search-interface,100,2025-10-24 19:19:37.771+00
6b9d53a0-7f89-4214-a621-6cc252f6f61b,/search-interface,100,2025-11-09 14:37:47.746+00
88d370e3-53bd-4d9c-8da7-1094456fbdef,/search-interface,28,2025-11-09 11:20:33.03+00
cdc8aef5-3d93-4872-8289-4ab06f4304c8,/search-interface,100,2025-10-26 13:43:20.839+00
0e8e7b12-38cc-4b44-ab83-1b9a954c7e46,/search-interface,58,2025-11-09 15:27:13.46+00
b901116a-0f1c-4630-8e0e-5d1ff74c0cf7,/search-interface,100,2025-10-29 09:56:55+00
ae444d00-9295-437f-812b-f75240800327,/search-interface,100,2025-10-31 22:17:27.149+00
0e8e7b12-38cc-4b44-ab83-1b9a954c7e46,/search-interface,100,2025-11-09 15:06:30.646+00
aa6cab0e-94ff-4a90-84a1-8e7cfe2999f9,/search-interface,100,2025-10-24 16:38:46.893+00
49e71bfc-8848-46e8-88e3-7d076e7c0725,/search-interface,100,2025-10-24 19:15:37.842+00
67f4e98d-22e3-4105-b784-0559446baf77,/search-interface,100,2025-10-24 19:17:25.913+00
6b9d53a0-7f89-4214-a621-6cc252f6f61b,/search-interface,77,2025-11-09 14:36:25.869+00
221af9d0-3577-41d0-b7fc-1b0eea1320eb,/search-interface,100,2025-10-24 17:15:30.76+00
995e8474-332b-4d70-b441-7add2945b2d7,/search-interface,76,2025-11-09 11:39:46.741+00
7b797820-31ae-47ca-b092-0839034bb31f,/search-interface,74,2025-11-11 05:12:06.576+00
cd1fb915-bf86-40d8-b7e5-0d13446bb8f4,/search-interface,36,2025-11-09 05:02:50.946+00
fa873ae7-c1e1-4da4-ad34-79437bf9ef2b,/search-interface,41,2025-11-09 22:01:11.505+00
1214eecf-5b2a-4675-9926-f06f9619dee8,/search-interface,53,2025-11-13 10:25:32.25+00
0e8e7b12-38cc-4b44-ab83-1b9a954c7e46,/search-interface,58,2025-11-09 15:06:30.588+00
142c99e6-b479-40d7-967d-6774c5e77249,/search-interface,66,2025-10-27 02:28:32.928+00
21821039-baef-4c67-94ea-4099060a4805,/search-interface,66,2025-10-25 18:15:11.986+00
dc6df264-b00b-4e6b-b195-b5d2ead64eb5,/search-interface,15,2025-11-10 13:23:32.169+00
0e8e7b12-38cc-4b44-ab83-1b9a954c7e46,/search-interface,100,2025-11-09 15:02:24.904+00
165f4f73-dd89-4505-924f-830e65bfdbc9,/search-interface,100,2025-10-29 10:13:09.786+00
c22aec2c-57bc-4c71-b69a-31a30334b3c0,/search-interface,100,2025-10-29 09:39:08.561+00
ee0ab688-faa8-48d0-8e33-6cf24a33f5af,/search-interface,100,2025-11-07 15:15:09.907+00
cc4fc9e4-953a-429f-a5c3-66a944641e71,/search-interface,100,2025-10-29 09:38:54.362+00
1214eecf-5b2a-4675-9926-f06f9619dee8,/search-interface,53,2025-11-13 10:26:35.199+00
f81ea16d-e928-42f3-a682-8f4b09f69de4,/search-interface,100,2025-10-27 16:41:01.08+00
21821039-baef-4c67-94ea-4099060a4805,/search-interface,39,2025-10-25 18:19:02.484+00
21821039-baef-4c67-94ea-4099060a4805,/search-interface,21,2025-10-25 18:20:33.498+00
e5e0b3a6-4f4c-44b4-916e-334803fe7421,/search-interface,100,2025-11-10 10:34:05.467+00
49e71bfc-8848-46e8-88e3-7d076e7c0725,/search-interface,100,2025-10-24 19:18:16.043+00
ae444d00-9295-437f-812b-f75240800327,/search-interface,100,2025-10-31 22:14:36.469+00
c22aec2c-57bc-4c71-b69a-31a30334b3c0,/search-interface,100,2025-10-29 09:39:17.6+00
0e8e7b12-38cc-4b44-ab83-1b9a954c7e46,/search-interface,100,2025-11-09 15:31:05+00
aa6cab0e-94ff-4a90-84a1-8e7cfe2999f9,/search-interface,100,2025-10-24 17:06:32.443+00
c22aec2c-57bc-4c71-b69a-31a30334b3c0,/search-interface,100,2025-10-29 09:38:55.339+00
cd1fb915-bf86-40d8-b7e5-0d13446bb8f4,/search-interface,100,2025-11-09 05:04:57.794+00
21821039-baef-4c67-94ea-4099060a4805,/search-interface,100,2025-10-25 18:16:28.499+00
0e8e7b12-38cc-4b44-ab83-1b9a954c7e46,/search-interface,100,2025-11-09 15:04:45.775+00
0e8e7b12-38cc-4b44-ab83-1b9a954c7e46,/search-interface,12,2025-11-09 14:59:24.99+00
c9261d8c-912a-4dbe-a873-ab76c3987475,/search-interface,100,2025-10-24 09:02:21.615+00
c9261d8c-912a-4dbe-a873-ab76c3987475,/search-interface,2,2025-10-24 09:00:03.748+00
c22aec2c-57bc-4c71-b69a-31a30334b3c0,/search-interface,100,2025-10-29 09:37:31.472+00
1214eecf-5b2a-4675-9926-f06f9619dee8,/search-interface,17,2025-11-13 10:23:25.365+00
2db5682f-2a12-4b10-8efe-1818d2a14ce2,/search-interface,100,2025-10-29 09:59:27.934+00
87c041d3-9bd0-46fa-9ebe-390584750a08,/search-interface,28,2025-10-26 15:28:55.191+00
cd1fb915-bf86-40d8-b7e5-0d13446bb8f4,/search-interface,36,2025-11-09 05:03:08.919+00
0e8e7b12-38cc-4b44-ab83-1b9a954c7e46,/search-interface,100,2025-11-09 15:06:26.909+00
2db5682f-2a12-4b10-8efe-1818d2a14ce2,/search-interface,100,2025-10-29 09:59:18.342+00
995e8474-332b-4d70-b441-7add2945b2d7,/search-interface,100,2025-11-09 11:36:25.013+00
c9261d8c-912a-4dbe-a873-ab76c3987475,/search-interface,100,2025-10-24 09:21:45.182+00
b901116a-0f1c-4630-8e0e-5d1ff74c0cf7,/search-interface,100,2025-10-29 09:52:39.052+00
6b9d53a0-7f89-4214-a621-6cc252f6f61b,/search-interface,100,2025-11-09 14:37:30.924+00
0e8e7b12-38cc-4b44-ab83-1b9a954c7e46,/search-interface,100,2025-11-09 15:06:16.54+00
0e8e7b12-38cc-4b44-ab83-1b9a954c7e46,/search-interface,58,2025-11-09 15:04:45.777+00
7b797820-31ae-47ca-b092-0839034bb31f,/search-interface,9,2025-11-11 05:12:06.83+00
aa6cab0e-94ff-4a90-84a1-8e7cfe2999f9,/search-interface,100,2025-10-24 16:38:43.236+00
e3db1fbf-257a-451c-b523-4d200edf7a82,/search-interface,100,2025-10-29 09:35:14.116+00
c6f5b4cd-17f7-4562-8467-ffc3da67c9fd,/search-interface,100,2025-11-10 20:32:06.242+00
0537d915-a4c7-48eb-944a-e385614ff80a,/search-interface,28,2025-10-26 15:45:25.886+00
49e71bfc-8848-46e8-88e3-7d076e7c0725,/search-interface,100,2025-10-24 19:14:27.715+00
c9261d8c-912a-4dbe-a873-ab76c3987475,/search-interface,100,2025-10-24 09:01:45.269+00
abc4ae0f-0e97-41c0-9b9f-3a7e22c2be66,/search-interface,100,2025-10-24 18:23:51.637+00
891f2d69-681a-45b2-80b2-8bf4066caab9,/search-interface,17,2025-10-29 08:48:51.065+00
e7bda5fc-cfa3-4a62-b701-d12a2294b0c5,/search-interface,100,2025-10-24 14:25:46.925+00
42d9ad17-647d-4b98-a68e-c155b967a64a,/search-interface,100,2025-10-25 12:43:37.83+00
c22aec2c-57bc-4c71-b69a-31a30334b3c0,/search-interface,100,2025-10-29 09:39:19.518+00
31f98ce4-e145-4dea-ba26-58b5023dbe38,/search-interface,100,2025-10-25 20:00:40.73+00
88d370e3-53bd-4d9c-8da7-1094456fbdef,/search-interface,68,2025-11-09 11:23:23.598+00
320ed1be-301b-4901-9873-84e671256590,/search-interface,100,2025-10-29 09:57:54.638+00
e83b0f80-c600-43f7-9b9e-ab76b019ddb4,/search-interface,100,2025-11-10 15:25:10.021+00
ee0ab688-faa8-48d0-8e33-6cf24a33f5af,/search-interface,100,2025-11-07 15:15:08.746+00
aa6cab0e-94ff-4a90-84a1-8e7cfe2999f9,/search-interface,100,2025-10-24 16:40:14.558+00
21821039-baef-4c67-94ea-4099060a4805,/search-interface,70,2025-10-25 18:20:33.509+00
c22aec2c-57bc-4c71-b69a-31a30334b3c0,/search-interface,100,2025-10-29 09:37:19.622+00
a6f69c98-dc30-47ba-96db-ea22ed1cf6ec,/search-interface,100,2025-10-25 12:23:37.951+00
21821039-baef-4c67-94ea-4099060a4805,/search-interface,100,2025-10-25 18:14:39.961+00
891f2d69-681a-45b2-80b2-8bf4066caab9,/search-interface,17,2025-10-29 08:48:05.45+00
89d44738-21e8-47d9-b12d-1727f43881ce,/search-interface,22,2025-10-29 10:01:07.526+00
cd1fb915-bf86-40d8-b7e5-0d13446bb8f4,/search-interface,36,2025-11-09 05:04:57.824+00
cd1fb915-bf86-40d8-b7e5-0d13446bb8f4,/search-interface,36,2025-11-09 05:02:27.587+00
e83404aa-45f5-4e21-a2a9-88667e9c772d,/search-interface,100,2025-10-29 09:45:33.394+00
995e8474-332b-4d70-b441-7add2945b2d7,/search-interface,76,2025-11-09 11:44:50.598+00
6b9d53a0-7f89-4214-a621-6cc252f6f61b,/search-interface,100,2025-11-09 14:37:54.015+00
1214eecf-5b2a-4675-9926-f06f9619dee8,/search-interface,58,2025-11-13 10:30:48.107+00
0e8e7b12-38cc-4b44-ab83-1b9a954c7e46,/search-interface,100,2025-11-09 15:30:28.953+00
2c30267d-d323-4573-b873-c9f8688a4a23,/search-interface,6,2025-11-09 11:12:33.973+00
79dad0d9-3c9c-431f-80cd-71bafdf8ee14,/search-interface,54,2025-11-08 23:34:30.655+00
221af9d0-3577-41d0-b7fc-1b0eea1320eb,/search-interface,100,2025-10-24 17:10:44.025+00
88d370e3-53bd-4d9c-8da7-1094456fbdef,/search-interface,68,2025-11-09 11:22:43.252+00
ffe36aa7-f7dd-42b4-9a65-f37b54e2802c,/search-interface,100,2025-11-09 18:47:42.454+00
cdc8aef5-3d93-4872-8289-4ab06f4304c8,/search-interface,100,2025-10-26 13:45:18.311+00
7b797820-31ae-47ca-b092-0839034bb31f,/search-interface,9,2025-11-11 05:12:37.632+00
0e8e7b12-38cc-4b44-ab83-1b9a954c7e46,/search-interface,100,2025-11-09 15:06:11.698+00
d50935b6-a4a2-43a6-965e-c191c186e395,/search-interface,100,2025-10-25 09:44:31.348+00
89d44738-21e8-47d9-b12d-1727f43881ce,/search-interface,100,2025-10-29 10:02:05.085+00
7b797820-31ae-47ca-b092-0839034bb31f,/search-interface,28,2025-11-11 05:10:44.644+00
a709117c-1d94-4376-8397-124eae2e9e85,/search-interface,100,2025-10-29 09:55:25.804+00
88d370e3-53bd-4d9c-8da7-1094456fbdef,/search-interface,68,2025-11-09 11:22:24.505+00
165f4f73-dd89-4505-924f-830e65bfdbc9,/search-interface,100,2025-10-29 10:20:07.719+00
2c6d20fa-5ea1-4071-99d2-ca1abcc9161c,/search-interface,100,2025-10-28 08:22:25.547+00
995e8474-332b-4d70-b441-7add2945b2d7,/search-interface,100,2025-11-09 11:39:00.46+00
c9261d8c-912a-4dbe-a873-ab76c3987475,/search-interface,100,2025-10-24 09:01:40.876+00
67f4e98d-22e3-4105-b784-0559446baf77,/search-interface,100,2025-10-24 19:16:41.46+00
e7bda5fc-cfa3-4a62-b701-d12a2294b0c5,/search-interface,100,2025-10-24 14:22:08.814+00
0a21e5d1-feab-4995-8095-ccaa084fcaa9,/search-interface,100,2025-10-24 11:57:12.148+00
0a21e5d1-feab-4995-8095-ccaa084fcaa9,/search-interface,100,2025-10-24 11:55:11.798+00
a6f69c98-dc30-47ba-96db-ea22ed1cf6ec,/search-interface,100,2025-10-25 12:23:56.049+00
cd1fb915-bf86-40d8-b7e5-0d13446bb8f4,/search-interface,100,2025-11-09 05:08:10.338+00
c9261d8c-912a-4dbe-a873-ab76c3987475,/search-interface,2,2025-10-24 09:00:11.312+00
ae444d00-9295-437f-812b-f75240800327,/search-interface,100,2025-10-31 22:17:18.354+00
89d44738-21e8-47d9-b12d-1727f43881ce,/search-interface,5,2025-10-29 10:01:05.942+00
21821039-baef-4c67-94ea-4099060a4805,/search-interface,28,2025-10-25 18:20:33.519+00
c22aec2c-57bc-4c71-b69a-31a30334b3c0,/search-interface,100,2025-10-29 09:37:47.717+00
c9261d8c-912a-4dbe-a873-ab76c3987475,/search-interface,100,2025-10-24 09:02:23.04+00
21821039-baef-4c67-94ea-4099060a4805,/search-interface,28,2025-10-25 18:20:34.017+00
c6f5b4cd-17f7-4562-8467-ffc3da67c9fd,/search-interface,100,2025-11-10 20:30:19.469+00
b901116a-0f1c-4630-8e0e-5d1ff74c0cf7,/search-interface,100,2025-10-29 09:55:22.995+00
0e8e7b12-38cc-4b44-ab83-1b9a954c7e46,/search-interface,100,2025-11-09 15:15:12.746+00
87c041d3-9bd0-46fa-9ebe-390584750a08,/search-interface,28,2025-10-26 15:29:26.761+00
0e8e7b12-38cc-4b44-ab83-1b9a954c7e46,/search-interface,100,2025-11-09 15:06:50.865+00
88d370e3-53bd-4d9c-8da7-1094456fbdef,/search-interface,68,2025-11-09 11:21:08.456+00
0e8e7b12-38cc-4b44-ab83-1b9a954c7e46,/search-interface,58,2025-11-09 15:01:11.52+00
89d44738-21e8-47d9-b12d-1727f43881ce,/search-interface,100,2025-10-29 10:01:54.828+00
221af9d0-3577-41d0-b7fc-1b0eea1320eb,/search-interface,100,2025-10-24 17:15:30.775+00
e67193b2-2d1f-4a58-a1c1-da8def446287,/search-interface,100,2025-11-10 07:23:46.847+00
056ff148-78aa-4dff-b2cd-44bdc0d7b941,/search-interface,45,2025-11-09 09:25:16.346+00
cd1fb915-bf86-40d8-b7e5-0d13446bb8f4,/search-interface,100,2025-11-09 05:03:04.058+00
0e8e7b12-38cc-4b44-ab83-1b9a954c7e46,/search-interface,100,2025-11-09 15:04:44.978+00
0e8e7b12-38cc-4b44-ab83-1b9a954c7e46,/search-interface,100,2025-11-09 15:06:02.241+00
142c99e6-b479-40d7-967d-6774c5e77249,/search-interface,66,2025-10-24 10:11:38.456+00
fc10e9ac-bf85-42e0-997d-df36712e059a,/search-interface,100,2025-10-23 18:34:59.995+00
056ff148-78aa-4dff-b2cd-44bdc0d7b941,/search-interface,45,2025-11-09 09:19:45.034+00
6b9d53a0-7f89-4214-a621-6cc252f6f61b,/search-interface,100,2025-11-09 14:37:32.825+00
c9261d8c-912a-4dbe-a873-ab76c3987475,/search-interface,100,2025-10-24 09:07:27.027+00
e008edb8-e4d7-4e49-a8fd-2b72958fec02,/search-interface,12,2025-11-10 03:28:13.257+00
c9261d8c-912a-4dbe-a873-ab76c3987475,/search-interface,100,2025-10-24 09:09:09.973+00
cd1fb915-bf86-40d8-b7e5-0d13446bb8f4,/search-interface,36,2025-11-09 04:59:01.244+00
ffe36aa7-f7dd-42b4-9a65-f37b54e2802c,/search-interface,100,2025-11-09 18:47:44.402+00
0e8e7b12-38cc-4b44-ab83-1b9a954c7e46,/search-interface,58,2025-11-09 15:14:35.833+00
cd1fb915-bf86-40d8-b7e5-0d13446bb8f4,/search-interface,36,2025-11-09 04:59:59.394+00
ffe36aa7-f7dd-42b4-9a65-f37b54e2802c,/search-interface,100,2025-11-09 18:47:51.568+00
7b797820-31ae-47ca-b092-0839034bb31f,/search-interface,74,2025-11-11 05:11:21.98+00
7b797820-31ae-47ca-b092-0839034bb31f,/search-interface,74,2025-11-11 05:11:20.878+00
b901116a-0f1c-4630-8e0e-5d1ff74c0cf7,/search-interface,100,2025-10-29 09:53:00.597+00
aa6cab0e-94ff-4a90-84a1-8e7cfe2999f9,/search-interface,100,2025-10-24 16:36:28.319+00
995e8474-332b-4d70-b441-7add2945b2d7,/search-interface,76,2025-11-09 11:46:06.105+00
57f27a1d-4cc8-4f52-979b-57cf63e1a438,/search-interface,100,2025-11-09 09:57:52.682+00
42d9ad17-647d-4b98-a68e-c155b967a64a,/search-interface,100,2025-10-25 12:43:39.641+00
a6f69c98-dc30-47ba-96db-ea22ed1cf6ec,/search-interface,100,2025-10-25 12:23:56.043+00
42d9ad17-647d-4b98-a68e-c155b967a64a,/search-interface,100,2025-10-25 12:45:02.505+00
a6f69c98-dc30-47ba-96db-ea22ed1cf6ec,/search-interface,100,2025-10-25 12:23:01.902+00
0e8e7b12-38cc-4b44-ab83-1b9a954c7e46,/search-interface,100,2025-11-09 15:30:31.775+00
2df6d1d2-60fb-4e27-8877-bdd2ebf01465,/search-interface,100,2025-10-29 09:55:42.066+00
31f98ce4-e145-4dea-ba26-58b5023dbe38,/search-interface,100,2025-10-25 20:00:19.663+00
b5b593ae-6715-4db5-b53b-85832d70d67e,/search-interface,43,2025-11-10 10:24:29.029+00
bd78ca90-05e2-4743-bc15-d82f814f1f2e,/search-interface,89,2025-10-24 16:48:49.575+00
2c30267d-d323-4573-b873-c9f8688a4a23,/search-interface,6,2025-11-09 11:18:18.43+00
0e8e7b12-38cc-4b44-ab83-1b9a954c7e46,/search-interface,58,2025-11-09 14:58:59.109+00
79dad0d9-3c9c-431f-80cd-71bafdf8ee14,/search-interface,100,2025-11-08 23:34:02.143+00
21821039-baef-4c67-94ea-4099060a4805,/search-interface,33,2025-10-25 18:21:53.09+00
c22aec2c-57bc-4c71-b69a-31a30334b3c0,/search-interface,100,2025-10-29 09:41:43.785+00
49e71bfc-8848-46e8-88e3-7d076e7c0725,/search-interface,100,2025-10-24 19:18:47.217+00
e7bda5fc-cfa3-4a62-b701-d12a2294b0c5,/search-interface,31,2025-10-24 14:21:54.154+00
b5b593ae-6715-4db5-b53b-85832d70d67e,/search-interface,22,2025-11-10 10:24:20.646+00
7b797820-31ae-47ca-b092-0839034bb31f,/search-interface,74,2025-11-11 05:16:56.582+00
49e71bfc-8848-46e8-88e3-7d076e7c0725,/search-interface,100,2025-10-24 19:14:56.713+00
a709117c-1d94-4376-8397-124eae2e9e85,/search-interface,100,2025-10-29 09:57:09.254+00
2c30267d-d323-4573-b873-c9f8688a4a23,/search-interface,3,2025-11-09 11:12:16.62+00
79dad0d9-3c9c-431f-80cd-71bafdf8ee14,/search-interface,54,2025-11-08 23:34:30.593+00
184fc96f-7551-4da8-b3a1-c5a071079f7c,/search-interface,100,2025-10-29 10:23:30.011+00
87c041d3-9bd0-46fa-9ebe-390584750a08,/search-interface,66,2025-10-26 15:29:13.68+00
995e8474-332b-4d70-b441-7add2945b2d7,/search-interface,100,2025-11-09 11:39:46.742+00
ae444d00-9295-437f-812b-f75240800327,/search-interface,37,2025-10-31 22:13:20.817+00
ff1e4a22-4137-4886-b922-c92977c5c09f,/search-interface,100,2025-11-08 23:05:46.449+00
056ff148-78aa-4dff-b2cd-44bdc0d7b941,/search-interface,45,2025-11-09 09:25:36.083+00
332dcde5-a1bb-44da-b105-bf0703b32f0d,/search-interface,100,2025-10-26 15:38:46.649+00
31f98ce4-e145-4dea-ba26-58b5023dbe38,/search-interface,100,2025-10-25 19:56:41.128+00
0e8e7b12-38cc-4b44-ab83-1b9a954c7e46,/search-interface,58,2025-11-09 15:02:24.797+00
b901116a-0f1c-4630-8e0e-5d1ff74c0cf7,/search-interface,100,2025-10-29 09:56:35.031+00
995e8474-332b-4d70-b441-7add2945b2d7,/search-interface,100,2025-11-09 11:53:11.244+00
ee0ab688-faa8-48d0-8e33-6cf24a33f5af,/search-interface,100,2025-11-07 15:15:23.114+00
42d9ad17-647d-4b98-a68e-c155b967a64a,/search-interface,100,2025-10-25 12:43:23.405+00
6178e6de-2050-4f50-ae95-d3781ebce98e,/search-interface,100,2025-10-29 14:06:35.921+00
21821039-baef-4c67-94ea-4099060a4805,/search-interface,100,2025-10-25 18:15:31.316+00
ae444d00-9295-437f-812b-f75240800327,/search-interface,37,2025-10-31 22:13:31.232+00
67f4e98d-22e3-4105-b784-0559446baf77,/search-interface,100,2025-10-24 19:20:28.768+00
c22aec2c-57bc-4c71-b69a-31a30334b3c0,/search-interface,100,2025-10-29 09:39:08.584+00
